{"version":81,"hash":{"type":"Buffer","data":"hlPdgV2+ib3kBycTDpAeNS3lvH90aybyL1qA/CfgbapeZUMqrDvHuPCohbNrIWKRXDPupadnxItTxIWfpsGbuGQfrD6iVtzr783kDowPxWygV743xeU5ncF+HOe9YC6rd0x9AiUvSzd2Q1I0vA5wjFggyCkGiQ2WrQAqqnF7ntA="},"indexValueMap":{"AehZ+fYhybQ1LtBxwpzAVWTX6FhRWuEHcpMcC/MOq5Q=":{"valueMac":{"type":"Buffer","data":"zLLu+BE9ER2HTH4AC3uxvu3gmXGJ/M4J3N5Q4qZezqg="}},"CNOzTbVr5qd/P5yGhsMqaanW75DSt9EDfE0K741pkk0=":{"valueMac":{"type":"Buffer","data":"kKkAhGKWuJm8WAv/MsynKPC8afE1MXBbTc/I8DuebjM="}},"CkNTukAbBEiobU8K1v87XQdRuYx3mpmQEoSS+CDCkHU=":{"valueMac":{"type":"Buffer","data":"IvNF9/PCqR1l8HWXsVKPNKC4MdDBapVjMF46n5+V/rY="}},"CyOkNZNoi7c/8q+XO32zzYajFIMeNPGnJk8JtxxeRlg=":{"valueMac":{"type":"Buffer","data":"OnFJLzHGpN3BJKRwteyAm0PU23uPU4mjT3/dXoUuUSk="}},"C3oAyscO+vM1UH+8kt33B+8dtSIEJ/BjVwkpMeHj7SI=":{"valueMac":{"type":"Buffer","data":"tDphvZ1p03m1DQaihJvpnXTnRj51+aZO+2QwIP+O/dM="}},"C8wejnnnJRj0bY58h9ZSBdn89KZgeC/QFkoWdw2SC2Q=":{"valueMac":{"type":"Buffer","data":"o5p8b9sJuRGWjWcZ4RnAouDc9yCOb2Cdd4ABtYix5HQ="}},"D604pYf9j+iEKGtqCeaP0HmJnx+Pkd6pi2EastKexbs=":{"valueMac":{"type":"Buffer","data":"hxw9yjyOppYoEwsgGwCH+85+wNnI/4vD6XjN5KGhrs0="}},"ERvK51NMYfzgSu5cadY/DL3HW5iLfDgIUqvKPQ9rpfo=":{"valueMac":{"type":"Buffer","data":"f5H5uOKNBYQ3Sn1lGbNKy5r3Kx/PSkrCZ4E+mEBjvsg="}},"GvCde3gq7B/kDJw9FuG1UqcPvuuLGRcWE3aMsQHgZDk=":{"valueMac":{"type":"Buffer","data":"VMXGVO2CKKss6+2sD9EBZOOFcXHXv11SaYvsOpYt08Q="}},"IWUaQ2egi/exKhn7ycjZrtHIHYEgOiTNwSHV0c85QaU=":{"valueMac":{"type":"Buffer","data":"YV9Vn6MR2IUpFjfqLJm/RzzhM75YsIS47MlRGQewlW4="}},"IyFByt411WXJsnmlM3mIUusB4VMN7hrH8f6UQ5PuWyo=":{"valueMac":{"type":"Buffer","data":"jKraSSvyy9WUow4o4HWqRsm+mJwjFhr8fqbMY0sv1W8="}},"Jr79lJY3kETe3Zt3qRVCebw5hy7ecYj7uOH52dUZiBk=":{"valueMac":{"type":"Buffer","data":"OwT+lB7yItbmpzI8IjF6kAsgkue/s2hPLWS5WQ8eFwU="}},"JxHH1SjHJt1lD8zBJY49JkTsIo2eqBSbaB9wj6qMTo4=":{"valueMac":{"type":"Buffer","data":"x1d+JSNENCNBjZqxU5bQS6CND0FoOZOINrFECMMpNVs="}},"L1VK1SQVi9EoCFh5aonGlEG77hb7KIoHd6YCHlg74Gw=":{"valueMac":{"type":"Buffer","data":"13YT/QxIlHqmaIYW4WMQSHTl7hMulFx67rL7ewZ8gq8="}},"PZaBs4zhwb2aVX58N9sC9dVRxr0VctDwiQwlwjvrZNg=":{"valueMac":{"type":"Buffer","data":"4CexbJf/BmvX9SYq133/OWnbJ5EeDqzCrnEk4I8uphw="}},"P0oyhUtg28Zk0V5qB4ax8NqxQEavhaC2xouUvZl27pc=":{"valueMac":{"type":"Buffer","data":"R+F1l+xmevoK33WqICsbCiVqHYNvn9mXzmJv6NC/+ts="}},"QFy3hQSstaPGTb8RKkXxcdRGgGu1H3+Razl36n4WhAg=":{"valueMac":{"type":"Buffer","data":"Qxp0PUyEilfvCMOQvIkKsJHH8aGO662KDUySBOIq/qM="}},"RWPUseCHR5cq5+5ZIMK2P2FJ5ZeUhP/s4sNa4A7H67E=":{"valueMac":{"type":"Buffer","data":"8ed4gVx+rF3uHbijrdL969eOpcvw7buM3ag884ZvuZ8="}},"SpAQn/+rA4lgH2SDiJqVv+NzuQNeS8GoYmA+aryvCx8=":{"valueMac":{"type":"Buffer","data":"MMas17DuYDESMtzVPdBAGtHveIEbSbhvRw3XHExi8jk="}},"TwhkPgZcj8ObzDmIC4DvHVLy6giPbM2Pc6MK5xyezjs=":{"valueMac":{"type":"Buffer","data":"Pomd3wHHaC1tOScrcyt+EE/FMMUBRT+0g4T/bVsHt3I="}},"UJ2iTrvHmKd/BMPbkXMmTiAkIUiz+kTZUB7raXQpXeA=":{"valueMac":{"type":"Buffer","data":"a1jtfzi1JlEUKPIrlEUxrpAReLwfVDhrK2WVRDgbwCY="}},"U/WnFnEQK3etbpo+9AxmnDjl5EOdaVeg62mYDg5zGnU=":{"valueMac":{"type":"Buffer","data":"AiOtQ0kzUtaHPadJ/yh6V4J4NqvFVBkUBDHt+fiycL0="}},"VBTd5R9/jLRfbWc6kY7Xy5GG60/ag0KVzBH8/NdOjAQ=":{"valueMac":{"type":"Buffer","data":"c7b0O5DCq+/djwba2Sf9Ij5Q662HfMa0tYG/xz0BVv8="}},"XJ6osUY0Mimo3fmAr4AS9DdBkI5pMxVaM2qt/Vr2fQE=":{"valueMac":{"type":"Buffer","data":"+Qqra+eLsasjtpE9FeunGjU1C2N52bprKBQiZvIT2HY="}},"XPO2QW6+jl0dst1FCV4rsyPmm3zxMuSO5LaNO8EsAwY=":{"valueMac":{"type":"Buffer","data":"3SvLk7apxe2+OhU91UopH+NAoThOlii9RqFWd3g7PgI="}},"YaYbwBEkYqvqzAQ+tLYmWVx0lBW347XRNxz4qNldtPM=":{"valueMac":{"type":"Buffer","data":"fW3miwmqDnZWzVngInOAUvAGxG0bAaWySmaNESRggE8="}},"YfHzfIBJK8JV/3MJBC3BCHhpiaqZrx1Cr423WyLyu+g=":{"valueMac":{"type":"Buffer","data":"e/pfj5VuFk+4Hlcf/I/KdVs+Un+zyujQKqKFruFylYk="}},"ZNAdheoWj4XdQsh+oTwFPTLTe3QbLA0B503eWIw5IQk=":{"valueMac":{"type":"Buffer","data":"Z6eCK7YLq+IxWsJIdIxzAz59ef6ooKmvC1l6DmqMrys="}},"ZgEu+NkI0Yd/mwS61y5Qy/wH+rLDHENQR/+lcrykdTc=":{"valueMac":{"type":"Buffer","data":"N45vyNxAiK/Wn28k5+hFS19p2DCAnLJSKWKqJCR7lWE="}},"Z4L4ckZUNXmbKHtRRgpKGDcZv8GDw1kRzQ8Ux59o88w=":{"valueMac":{"type":"Buffer","data":"1jbh5b9QICJbffuEhjPvbHHPSuj2EV1WsBb+Cdhztss="}},"aYAJqggrj/c8r9C1daSpFXi4Vi0Xjdpyp2EX7ZBq36g=":{"valueMac":{"type":"Buffer","data":"nnjZFT4o7Pnfk4MxSzaIbGHpxxR0FP5wCEkGhtJkRzY="}},"cJqKkf0wElAFrotbyuQ+QViR4fzRbvF42ZMkqdCLx/U=":{"valueMac":{"type":"Buffer","data":"/9LbZxmVS6IcuFOIIrtOhbwA7XoKr11Q/4Mr5iOV8Mk="}},"dX+P2zIV4GKjTIOLN3cc22J0mKpxEnZB9xBvcqjlpv8=":{"valueMac":{"type":"Buffer","data":"eFg1BBb7CYkf/TWTv9NWp+iqnxWpOnysBCYxhknREZ8="}},"dczty7eWsXaNhHxb7+7BmQrWkA1DvUt0o2ErcCcFBXw=":{"valueMac":{"type":"Buffer","data":"+pDbCi4xLBVzF1ikqCOfLA3KQy5Pm5gm4Rocej6K008="}},"domKB+xQIfGbJcnT1Ox0u2ZtaBIUbHU1gikbzgIdYws=":{"valueMac":{"type":"Buffer","data":"uJaBvKaLHBRk7Om3JMmbz1t+rGUAJZgLendLH2qSf7E="}},"dwaCuotLT29h1j8wS/Lgh+ZgfyCrzyIogMvfh+JkiWc=":{"valueMac":{"type":"Buffer","data":"IEZWHUOUa8ui1JxHEUnwzqBG08GahU4MThBsJFIPD44="}},"d+5BHw2TDIRsD+GJczAB1LAuHsKykw3trsvDL2oUsyo=":{"valueMac":{"type":"Buffer","data":"vsHa91RMFlc8k0c+y3iRqllvShKUVAg77UycemnqHX4="}},"edHaJ6/1Zp6qbDuXhpffqBCY9bCqQ1M/8I3LKVobnes=":{"valueMac":{"type":"Buffer","data":"4sFR9i2mG8Q3IbQGIlxZaK4fFT4BTRj0Lh6WFgRsPJA="}},"eh0E0LWeFmCcAM5LLv+AbDoPogeJC1uLueF+FEV83Pg=":{"valueMac":{"type":"Buffer","data":"MDBfJEocohjCHTdERYGHw/aUSbUUKy4pu+LWwtSxnsw="}},"fQvyNDLl5D7emwJv7zqDFxL0DUnGM8jjsUQDS1+9FIs=":{"valueMac":{"type":"Buffer","data":"bgqYcgXz3kWca+GY8U5pWr6tARMOClnc2Nk5TNKNji4="}},"fc4fv3gODEanzqvVWA5ohGej0QghEHEJaG96s/P2bjE=":{"valueMac":{"type":"Buffer","data":"c0qS5HTBrH7NpmPtAhVW+U8gNKV02+LnRm+lRoNAiK0="}},"f8dSCWK7GKSiEBEnD9YBkdmtDOKzPGZGf1cdhUwM5K0=":{"valueMac":{"type":"Buffer","data":"2kxwg2udvGXBv6p2UUtvntAwnxRur/k7NpS2D8WXPuI="}},"f9/zmlm5n1VE1gzatWlJoZc0tSgm/pTv+xjJK/zmbXg=":{"valueMac":{"type":"Buffer","data":"5Rfy2Znl6yo9y0LoLvMZfSe7brGn4jv5gCc7JWUtIO0="}},"gG10x4Oek6SfE20lKRD6/peDlWBAbR3U/eRO3c84FNQ=":{"valueMac":{"type":"Buffer","data":"Wl28w7Y47+9iyzjFQdRSVVN4ZCgVjpPDJKCV+cSaQAw="}},"gvau0xQBG0TsY0jBMFB/QCpQPbSPYhGo9urxNLy410g=":{"valueMac":{"type":"Buffer","data":"ghgJ+EyYVh//NquNqSPxqBi62Rp7nqhY0sjaqnbmnfc="}},"kTkE93CK7k41QBZkj+n6BwHolJhAYSwWNzqe7ClDHDk=":{"valueMac":{"type":"Buffer","data":"dnAsIp9Cs60glUPLN0xcSzlNQqIncSWSOWn1uKYwoj0="}},"kuDOCPosRhDyiCxxM7GmKkc/dGTgHXxXOWwjWRrvNdo=":{"valueMac":{"type":"Buffer","data":"l5FX01OS+rUU0cMojuxxoI49IHXqoG/ndkm8Qwv4oYo="}},"lTfKcGJaA4DRgCOBDLJfYlSrtrEb+ouLdi7udNM44zc=":{"valueMac":{"type":"Buffer","data":"kvhKrBirDSPqrOkafJSy0D8tFVx9AObU2CcW1viD7QI="}},"ldccOnpJd8tpl5wJbfjd/zs37l91iLWn5dKMc1BzV94=":{"valueMac":{"type":"Buffer","data":"X9GCi2g2PqE/PwRMEuE0+j1wh4t/ZCWAwML+9bLGDqA="}},"mGfs3RgJz3qFbUNu8QRdKcSqPHhnVMojLpuh+nliSlA=":{"valueMac":{"type":"Buffer","data":"1onX/ZSCDMBQgfQh7mjiMG+U+UiMUsWSUFw+/uW4/uY="}},"mgZeuulfq5tG5AxAVHFW/mJGb9Ft/Nti3INEBPl5ZFI=":{"valueMac":{"type":"Buffer","data":"cggX4Xckvh5grDjSiR0iMxeq/HIo3qGjaYFllyskCl0="}},"mzd8oPx1MtkX/iLb76nQRIYqnz+pbpeTRzgbb6AdZqA=":{"valueMac":{"type":"Buffer","data":"M6v49fAJAYcAgivMv0LmweQw776ZH5jY+59G6hnOLd4="}},"m+InUp7iNdhm+GwSI8RWkYZzGjSx6fp1Awa7oHzHx4g=":{"valueMac":{"type":"Buffer","data":"EUyJRQs8Qkq8/CGYfEGetfLzx53CvEA3JjWpTtBhAqw="}},"nODOzxyGXzmoEb6K3IQ8GX2RgwBgVoGCw95bqQaP3PY=":{"valueMac":{"type":"Buffer","data":"b+1jFxTiaqmOErcsD3jXZNP/p9tWc+Pd9ZD9VWV2YrM="}},"nmObzCR3SIEp6vGzZiGozUgCPCXuxHyeU6adheI4UGg=":{"valueMac":{"type":"Buffer","data":"9ssETPW3u3RUEOo7ILmdPJNKOS8GW9fXXxFdEa4bLPk="}},"oJrGBUtwu7joiEkUCtSIdpkEwyfJ/t5kJHfy/70gxXE=":{"valueMac":{"type":"Buffer","data":"ujayh7J3awf3kA2Phr6+pNUznNE/zsaztmFhSunwjdY="}},"oacJ6PAL9rDC8jOXmrr60s4heicV12EVKx9AL9iLREM=":{"valueMac":{"type":"Buffer","data":"9woLKzAvE/VGR2tff4LattTs71Hy180d/vfyserNI2w="}},"otnAaq9U9fmjA5hCen5BxFYd6dp8GwIGI0s2GvvI6bI=":{"valueMac":{"type":"Buffer","data":"3TfoaaNpT7TjTPWk5Aw3x/UNW/Zz3BenCW4EXxxSUFw="}},"paRPMiNvcvLY52cp32ChbqdqPpNr9Y9xUkzZHzxyE1Y=":{"valueMac":{"type":"Buffer","data":"aC438sUrwq2jka5Y9mLaelgUPfaPlXMsOaqQFYY0eFI="}},"pdU1OpQU9Gzov/bMn/wI7GpRP0ES+lT4A0zwMiii7NA=":{"valueMac":{"type":"Buffer","data":"muq7MhNUurtHbdZmGWmkzyP+xff+D69VNj+gXHgULqw="}},"puOgMwU90CIhQnvBUMAoMks0QR6YoV4w8ITC5LJ7Iuw=":{"valueMac":{"type":"Buffer","data":"/zull8CBGNE+FRBLaSStrWHTV0B7ItiPn5N43Q4wqKI="}},"qK4OnUV9V0KKBdGXmrDqoEkOZeyRcdbzfRVNmylZEpo=":{"valueMac":{"type":"Buffer","data":"rPnQvlneuNohsvE2Z8B2mMSJ/yD2A/kSjqiMBFiyR1k="}},"q+YExxTkwa2EOJMTevbyne95Jk5sUV2Uxvzsa8uRlHk=":{"valueMac":{"type":"Buffer","data":"lJvK3tJ9oKpRb838lcppQc2g4kv88k8kq5dJELd/0v4="}},"s+ie61emVqWB8SAcPSCSUeAl6pzn2KM782zS8PcnYcI=":{"valueMac":{"type":"Buffer","data":"MLQ/fZsU1FlafXRfkIBNDHeSQ+ZsMcEch3HoF+cn70g="}},"t/eIZYJHnIofWo3uOlv0zPrbVcyYuQ0ptKVhs3YatkA=":{"valueMac":{"type":"Buffer","data":"zeheX1zUiXTmP6DgTdsYsBNaPWQg5E/FRdETJMZ16go="}},"uQTZumIXwLkAtu1PHqI6m+6OZobLNsK8D8n7DU8j3gk=":{"valueMac":{"type":"Buffer","data":"4/IILNtrTzEK+g/ezRgBq3/ZYofwbNIiGyLqNrXfd0w="}},"u/Cgxa4pYOb9OCrUDD5W1TqvOTfP/iX2RLxT+9XhrZo=":{"valueMac":{"type":"Buffer","data":"0RCdor2xsjPPTIazhh7iKqdxBIdOKbHBPrP2LxH8g74="}},"wGrw7OB6foro2mPtN3iuNglhIQRZ8f+AWf5D9Pwg6sQ=":{"valueMac":{"type":"Buffer","data":"8Jgw7U+giX5wyAjpyHim1NO/AVGbzUtB3cIURQofSyQ="}},"wPQAqk4cmWAYPIBesMtHX1mvdGgdcNCqn/Gh8059MXg=":{"valueMac":{"type":"Buffer","data":"YUDladJT3Vj8mZydlrnM02wrQY/TZdHXGb7PJL1DTws="}},"whnz/klCpeLTjHin0kZ/nhisJDIGw3q+jQbf65WDmSk=":{"valueMac":{"type":"Buffer","data":"/S23RyLXJC+ZpLWmhgLV24akOiXPQ4AiVPHIYaio9Ic="}},"xM/3FpMtOkRKnntoUxxIQFyOxMNigXP3uibQuTRPWzk=":{"valueMac":{"type":"Buffer","data":"gA3Q/m1OkV4tuVemJY0YKG9/gZSRB7dgcz0qrsN6nIQ="}},"yJuZuzXgtGt4BgkEkfHIhZ4FFaJjwFP4iBbEESqDG60=":{"valueMac":{"type":"Buffer","data":"SITnAQzYsmHSouv0Fk5YuKXl/KKIuWoKUbsDlKEqLR4="}},"yN9wxbNiCjo5+o7IJ2cKtCLL9SKJ3Pyax8SN2P+U/mo=":{"valueMac":{"type":"Buffer","data":"HF8ibxX0eG3ST+9ACNsk30sjsfnhVOURp7nwmsuUxFk="}},"yfDlHRLQgkFNN88pnLTs/5yFLgJ67Y/V5XwCfZobbyQ=":{"valueMac":{"type":"Buffer","data":"U2+lrgSTva6PM6saOWRgVnyZlTlCg0R2VhxkPIa6Iog="}},"y6Dwea242h+aFyTZntExHJCTY0FUV1/QDk4lKmYjVcM=":{"valueMac":{"type":"Buffer","data":"ZHxIRIdYy7wGMIF9o3NzFXtEXMCh273xznFnGXETJZY="}},"0E16faPuU1+0pBMpvpBJBdhb0A3chapIoi0yZGMQS9E=":{"valueMac":{"type":"Buffer","data":"tmH0c0BD42rnFk6AMJ6BmVsvOlb4iYfU3S2jQ0DGwU4="}},"05mOj4U64BUrj69Mh7ayyLj7d505bUzoX1DFcw313fc=":{"valueMac":{"type":"Buffer","data":"pkQ16/zVshLuZ1LshzvPBjpGp5wAC1UVk2IC1zRyPdc="}},"1kwmk+/cAy9RmtkYuisDZaZVgexF+dODktFY403oE/E=":{"valueMac":{"type":"Buffer","data":"lWqX/vbzjTm+lqVh/NEaeogQyIyuSPuTubzw8ic5E0o="}},"2PDOo/pFBZD2wEGXxij3BD7BpMJHtC+jt48XkqRUWWs=":{"valueMac":{"type":"Buffer","data":"jspADuXuUyTLkEj45Wsxb7iQ7DPCZV4VRj74nbcfN6U="}},"2cfSvq89682pCSwqjt0dK2yoLjF98mGODHAXz81ZL4M=":{"valueMac":{"type":"Buffer","data":"h535GCTyNc9J+bDvNkYv7Yuja4MJcCWFidxvbiMFJ6g="}},"27fjEkWt+VnEotEyi9pySdw7JW16BCsEbEnQx0jPx/c=":{"valueMac":{"type":"Buffer","data":"4sCmceJfIH4t3lvz9jW7xlpgnmbRCKZIeKpluSwemPM="}},"3Ip1iwP6thONdCzIgusHYKXJBfGwXaUZUk11wW2uK7M=":{"valueMac":{"type":"Buffer","data":"JccbNR4INLxTDH6lUQFtPy3CvnmoqoWlVRnzcLE+3fc="}},"3I3UbxMiI53+trnKDXl/i5V2BUJzUx6eii/gMj/N4yw=":{"valueMac":{"type":"Buffer","data":"9SLvtR6kBuLDmcKvpXisjc9pY0GYIas+MYpOaZlBxW0="}},"3/hhk0JRILKpwd3VrupiV82eKtiruQmC4M2ibLUBa30=":{"valueMac":{"type":"Buffer","data":"tKMg6TBsjsJCb/S1dDcfCab0yO0eKHZ6YuQcSdQruoU="}},"4e5s1f4c6j86WNEObGDzNM5h8NnxXpdHIoxYV06lY7w=":{"valueMac":{"type":"Buffer","data":"XTF+UROspUDckXk1m01AEtPkq+3TSRX0FAGhIj2+di0="}},"4kBz5wkfTJBLKQuBYAVOmsmRwXR6k1o1MOSS22e6kY8=":{"valueMac":{"type":"Buffer","data":"cGvqy0tOvPZCfBnq5oMCy4txZFmMU41PS9gXlFY9aWs="}},"5MDdUd3fGZFcbyp1AAK85yesrhIRPorcELJm8jKqXPY=":{"valueMac":{"type":"Buffer","data":"evEQMtXqNXK33vFnBWLn3jIe47mIvD6Ku/oLUcGMJa0="}},"6FSeP/iADojQWJavPIMVmErgWLOv/EZ/hEXxBGyv/X4=":{"valueMac":{"type":"Buffer","data":"tZ0c2f5KvNMfiA/D5h+fIg9SqX+zmWs5olsCx2PuQvw="}},"6MCe/MCiEJ+GeAjPA3nH4Jg8FiAHhg+W/MvE1UXQs7I=":{"valueMac":{"type":"Buffer","data":"3mvsmW2rZZkUccLo+DSm+n2uAyd51H0qmwNghUBxBko="}},"6R1p681bGGIuRQdX3a/Bm89AKUH5LNl++HhvVEVvRkw=":{"valueMac":{"type":"Buffer","data":"XBUlwzhSIg/9z8zGIXKThIokNNg5DsUKndAlMjZ07Z4="}},"6V/CxhTcHHOMJMYYCXrFykN4FOknCjQiVbAoQxxFRmI=":{"valueMac":{"type":"Buffer","data":"IgFgasgEKW2yKodT/+mKTxQipg2EOdKMI+IDXcTfTos="}},"7uha8rYMw7gFUrL4XGAzgjsag6zE7swHtzdmvUNYx/M=":{"valueMac":{"type":"Buffer","data":"iw+NW2d8/7NEyOQ2Mw3bsWpXTsxhbbkvt40IM2ZExlg="}},"8L/68eTHDet51yCfM9SpOXF7QLGohAJp2bdmesW5Q4o=":{"valueMac":{"type":"Buffer","data":"vhpY0bWc92gmQOQpt1Y/A48ZXx7xQIRFCQQid19utgk="}},"9DZKhMgup0c81DSyiBNdL/fLKUxBzcuMXMrdrEHirc4=":{"valueMac":{"type":"Buffer","data":"mucVKi0vMGxDxD2d5AJBDBFUPZVh/cOttyow0FOBWQY="}},"+f/Zt1d00fEdKjM2Lb1TWy/1H7R6AYbJO7o5RalAS5w=":{"valueMac":{"type":"Buffer","data":"/JHBBQ9XLRvgZzjYw5Gk6AvK6wYPsT+tFy/fzDC4gnc="}},"/yj2S/V8q/IykeLbIH4XU1gSs5hEtlIBJz3v9K7iJIA=":{"valueMac":{"type":"Buffer","data":"HZLvunn2qsh/2v1k+bz0MG+amW0asA08mRC5EZAnitY="}},"/3sZGT7IO49yKKMEn4iiLxeXK7oTqCcAT1iWCNn2jT4=":{"valueMac":{"type":"Buffer","data":"dba9KnfIN6Qv5yluMz30SA5uKpQ+2HtBE4mE0oMDDnM="}},"CupZDwPaCGMn7rHW7JE3YP0tnu04omaKDNbCdrJQhGg=":{"valueMac":{"type":"Buffer","data":"PoC/VSOCwY5YkRbMAj2xWLeczJRXtqRqYvddbeDi8pU="}},"rv6mzr4z6mAbBAlQrcCDx0Ikd2St/s5QE92tZPdgwPc=":{"valueMac":{"type":"Buffer","data":"RE45jEUYVVs/gDlWQ/OCajVKM/lOOJjhjwebw7OoILY="}},"JMhm5W6fTVFQFMBfYbI+pO9dHT08m8PhXGQQBVB6Ia0=":{"valueMac":{"type":"Buffer","data":"KuMG3LRwM3KqHT5dLlXHHR/u9VOZ8WPLOP4Y+RtDaYc="}},"TtH0w78/BRslm0n2XAoM34LedR5UrPHelw/Ld4wuYyM=":{"valueMac":{"type":"Buffer","data":"xfaxd02TT8H71x83iUq4Dm5nAhF/J0WetCyg/Fr/9Pk="}},"dNY4P+xD/mKnD6iI7smNfu8xtA5OrUs4lyfCCFC1/6c=":{"valueMac":{"type":"Buffer","data":"HQ3H2pfo18eW7NGbfXzYVLXIR2mIE8hDx2EwVG0Vm6o="}},"nZcymNB1iuG086IJYUqpKbV6cIOKEbQps8aeE1btRLM=":{"valueMac":{"type":"Buffer","data":"magiOffp9j++BSdwHUMdLskISqr5+vH7kM3YNDg/tZQ="}},"F3D5V/lVjpBCL4NTc63gu6yU5bvnv3C9bY/OsnjEId8=":{"valueMac":{"type":"Buffer","data":"wndk2HnoXfKy+7ZYEOwBm/O5fxGbIxnpdxW+xJS7WOE="}},"nmaPm5CvUKKsD+Ypk/dDd19/jeaTf0no3uX+S9e+/eM=":{"valueMac":{"type":"Buffer","data":"+w3NdRAELHDSXVRNCdhLFgwAxgHgijaiZuTRK89T18Y="}},"Nr6X3uDx31rJfK4YYr1dyrDNsSnfruGrP4xb+UpmVsc=":{"valueMac":{"type":"Buffer","data":"WtB0svGGQaIv0K6bGHVwgqht5eSXQkb6Hb0vMpphGKc="}},"SX9f6lcLeA2r+17wgykL3nR6BzXC0dJ8wmLHa8QyOLY=":{"valueMac":{"type":"Buffer","data":"kBUGpNfNRm+y0JlDEYbNrfzKcIIeXIvDE3MPZ2AL8Mc="}},"2QQnOYTHd9cpZlmIpFeU9lfrePPokH6RSELFFjENhIQ=":{"valueMac":{"type":"Buffer","data":"gQtLjm2wRsHFVdtSYXWFzWPE+aLBHrASH5aJB7y8saY="}},"5w06Jb8Q3P8IXxFwA1MtXrFpvTlGKSoJFnGfPA6tR9Y=":{"valueMac":{"type":"Buffer","data":"qlMqbOeVUhx2SkzuYA9s9h6tJP0QDZb9mihYxxaeJUo="}},"VE7jwFSm4gbRxpnion0CkYAeT0UoW7d+Fk3DraKzAHo=":{"valueMac":{"type":"Buffer","data":"HGlag5r8RVWWDsqcHlaULgDi8Yp44gExDC4vA+T5nuo="}}}}