{"version":270,"hash":{"type":"Buffer","data":"tSk+zHV1E84DL3ayW22HGX3NrCVmYTohlP0mD9rz5C0EfLdywlTTBcjnRsZ2hoXSgnSgnkAGmSwAf0fq5JYY58sOggYoDC2mlkriNqYZtVsXJFuS2t7Vto3uVGgQ/bYecxF90Etk9gaP0RJJYmP2plZEF3yHSJeSKeGobuMwmII="},"indexValueMap":{"ASiXH4axcFaG7CLq+GZKJAXB3f/Y7WZpN9YZAj10bl0=":{"valueMac":{"type":"Buffer","data":"wN6TSrJR95c/ZM/pe76m9ddpw7wMDprKejjX456w5Tc="}},"AnUPiDz15u6dlhMnzNi7Ky4/htAnXtR+XfjT2jHCp1M=":{"valueMac":{"type":"Buffer","data":"KCjHvs+QRhQUWKjtXMgO9ZkcgRbE8IRh2xjz338WWhI="}},"BVHUeF6tOVlwjKQAO1c6m0EX1t7yTQfeLudVAqoJbPE=":{"valueMac":{"type":"Buffer","data":"pZ+cN5eWnkGfNkAYFCn+ZPYu1nrBN2lr/uwvpu9s/z8="}},"CWMq0Z0soEM1lkVxdCrrb9b8c+Uc1flbuIgcc8IKhRs=":{"valueMac":{"type":"Buffer","data":"szx0O/xnVt3eY0pjwbuFUwNJdmtXU1whlU0ATunrHPo="}},"Ehmn0T09jQ+Hc4HgTsKJBwupMOplVZmegj0jrVyZ6nY=":{"valueMac":{"type":"Buffer","data":"nSRJ/j66dK5+rjocNUL3Ha2eDOVHM5HVsjjKP7HcrCk="}},"FdACNRiU8/Inc6UTZqRlXd0dbx8tc+b2fvcp5/xjEHU=":{"valueMac":{"type":"Buffer","data":"SZOT4biicgjn3tr8U8M0upoyiWesydGyDHj/2e6XaHw="}},"GYL0x60tEHBdMG8Y5vx6MGqMehQcxM2ItyCxQyIiBF0=":{"valueMac":{"type":"Buffer","data":"GDwPj/6lOJfbxkKBwpad3ajalEi+oKWtxjaCCnSjTTE="}},"G2j5O9hvp80MfAa1iAOAJf3Y4IJa9jr3vYFpp04E3fs=":{"valueMac":{"type":"Buffer","data":"PyqAbsq6511LusyvNXuVXyaQz3WOqDlDV2Zal904YXI="}},"H1JBFecVaMe96JcwhIDwXhhKQQnsekba2EoTpAs9yV4=":{"valueMac":{"type":"Buffer","data":"RTqJUjbB4sjdXIVV4JQgcpAsSnO6vjiJ0/6Ji2Jk5zE="}},"IDCEumhZAjSbeNauBGPNym1Fkb0eV7Nq95KjD2EmK38=":{"valueMac":{"type":"Buffer","data":"AW//WoTzTbmHsP97FzFrIZmpcfvkw7qoxqN+fEaGs2E="}},"Iu8GaE8Hh61/GYJ6+JpKc4qpBKmI2lmceywdsVeYhh0=":{"valueMac":{"type":"Buffer","data":"YAWUnRPXYGimeuddXi/8rczgfx7U3Ey9sN9kGfGbhhY="}},"JVVL0ZofHb+p7vOexqdxnXCDBHTn1chYbykKsjzzPdA=":{"valueMac":{"type":"Buffer","data":"eDhZvWAo91T4dsloyf1Lt5yvkvwbGJbY7qpL5S3h1Zc="}},"JaeQzmMRDFSTzDAE4achOJim7dlgsa8cLL08xZL6Ww4=":{"valueMac":{"type":"Buffer","data":"arR+A4gTfJVMDS40N2+MoJ+xV4eb2CzHQ/bhb36fO/0="}},"JgOcHTTEVeYBx347sDmhJIJbychb07MzspvkClRQhhU=":{"valueMac":{"type":"Buffer","data":"b8/jmeiahTCmQipSZMBiSqqw4k49jYryM58wY4mOqtg="}},"JuQak8EqleS2PSjASbcAGXU4/kbmJwbpr7H4/tWz9qE=":{"valueMac":{"type":"Buffer","data":"cutAHdfr05e9hETGw/VjmoYlzzfFYamXY9v1lXz0QFY="}},"Kt2X4EvV+Z63ShdNNfEvJINR8IYvhhQF5YW7ovnrPh0=":{"valueMac":{"type":"Buffer","data":"C2UoXEeZUKqmz4d3h4TABzk9mccDdnLTSS3r+Y0o1Z8="}},"K9NQM2RVoTs3CAGuwWgsx+oasv+JCu63e9TGQQjiDIY=":{"valueMac":{"type":"Buffer","data":"Z7ss6d6E879tgTE0FYlxWDLTBlvaVKLB1QKI+wCGhWc="}},"LQ+/iq/YyNnrRm+gd1+aDUILepzo5RFeP0KzP5Qz5oU=":{"valueMac":{"type":"Buffer","data":"Uy8z1Ma1Gv5ogE5JuPQ2aRX+0lWup3/68l9kZ2vX4Lc="}},"MWoZyqtrRC6tQcT8tzJzlaOcJ29Y0Znr/kC2iLk06rM=":{"valueMac":{"type":"Buffer","data":"yL6kQ3Ug+WRGSZDqjMI3YWcKsDUE4cuLr/o+J2CKxik="}},"NDvX4SHmpwyECQZc7xV+SepAiuAgEPreMOy5i3PKIt0=":{"valueMac":{"type":"Buffer","data":"YWzsOveokwRMXV/IK/QOmsLkqgqXLSAnbhrr+65pzXM="}},"NfIBXRdWbw0qfpDWnjaICRuTGg75Uy9trXIC6XJfvhA=":{"valueMac":{"type":"Buffer","data":"juSrQao9bpGix6vhpMvoF3pe7oUqsrPnoWj2cIPTCvQ="}},"QPwHo6oxVYefJB7If4QAoHHN6K4ZUFUiP7iU3KSgMSU=":{"valueMac":{"type":"Buffer","data":"JOK5QXpueKZVGelRK9qXiUnKLttVTqezbPUgBwsly54="}},"Sh8MR74OjIH5kIyn+VHXG4Q0ftx7V13ae0xAyd85tTQ=":{"valueMac":{"type":"Buffer","data":"FQEI5ZWPHF39jBwo0MK4F4A27knCjDdPouSLSLwu1gk="}},"SveDA5mAIOP2SXzSIOzxdqGsg2S2Hhdb/CKk+9tXsnc=":{"valueMac":{"type":"Buffer","data":"nHlxsadA1OgKPjcKZXdJRa0UUCa0cK9htRdfvcDv7Ug="}},"S0HFJZmWX67XdGQKPRtDLkSPRBDGszfgkLWHjrXGIXg=":{"valueMac":{"type":"Buffer","data":"0B24O6AKeC3d6HurKbKQSjoQ9BlDqL/0jeaD1ItKMYI="}},"S+Y7P+MSUEbpMUSEE2pQaqfz6XceYqbLV4AE0/YgTDY=":{"valueMac":{"type":"Buffer","data":"+ZYfdoHrx3ipCnVYVY8NDr8k25KLtn+QZsUbvKmBHvo="}},"T9BgUgQZVaedz9ik2EWcppqslB26XoazBDax0s9Q7Wk=":{"valueMac":{"type":"Buffer","data":"DUwYgdohn/re/xuQFfXXPf6qDrmlgNxpQkzv59Tiz/4="}},"UxChcUCdV0Lc/SsD7ZlBs7bvRbP6/tgl7J628QvYYmA=":{"valueMac":{"type":"Buffer","data":"QbCymCSnAd6Vg4pQJuaH0c5ZR0/5n0jJyWP4qnA1m18="}},"U9Z/oIdDEWYfGtzsmI1SrihAkLOOCXqIV7HMKUsWC6s=":{"valueMac":{"type":"Buffer","data":"zvU29L5r5wBoeS+4C9VGk1rRa5XSavk/EgINLJD9JRo="}},"VVQbeUHYXcbJT9CY/DSQFnmQ3D63hHHax8qcubtczLg=":{"valueMac":{"type":"Buffer","data":"6IldorLzveKu9bbMhSxRnKO4A28yeNRGHdoqzEOQL/g="}},"W7qeSo54OrTp8L4LmcHpAP9md1aohygs4vja/RO8xnI=":{"valueMac":{"type":"Buffer","data":"Sd/xXUtIRr3Kb5EK9oVEY6hGP6WGKQGFfkyTq3xQ91Q="}},"XNTpH3qKUCLAS+mFH9qUffhM/w3q7FZkM703UPQ0rSA=":{"valueMac":{"type":"Buffer","data":"RFR7cy5i43xizMZC8FocaNION/4qoXjakcTXtW7es9M="}},"X3leaR25KpcF334o6ICiZBA3mzNPrwpWgKl9B2S3Lbk=":{"valueMac":{"type":"Buffer","data":"GLPe5UTAcx4riUx85ncOCjenFiy7wejFHl1yJlxu4Kg="}},"ZEiLL+egizG5AN73QjABABORsj21xzupB3kaVeSwOfA=":{"valueMac":{"type":"Buffer","data":"70nIcOlyoEzwJrb7dquzmfEsMuDkHib0DjkOSdVmwdU="}},"aaUo3RX0cK1B7Qij6+6d/IK3RetNQjeIJTKYaCyfcBg=":{"valueMac":{"type":"Buffer","data":"6BUij4iIcwsPZLxlBhRDVFwSkA/QyE+9VteEGTufg/k="}},"bDUS+ZQk+c+DNIOLTfPhJulfkkRHbgH8zzyYTMmAXwo=":{"valueMac":{"type":"Buffer","data":"vayi48ZofaTT+tRdrkmuMOJZHX/H5+1KvIIVAeLBM5E="}},"boy486kJ3+R5v7Lz8v8g8toAm9U4TNwdAFUbQBLXr+k=":{"valueMac":{"type":"Buffer","data":"pk52b4J5vfDaSq+GYfAoxEjXPVksRypd1sTfLevJp6Y="}},"cjw/fJaSi4DVFd/Om8VFsqHC5uGL7K9oYo27k566szw=":{"valueMac":{"type":"Buffer","data":"YmcUnZErzy/QRj1PRBcRWbRfmVWvC9H6jtTt+bs71Gc="}},"c9Qpv0Iaw76dTW8EVG7PtZyY07i/n+9g152Cr+neZlg=":{"valueMac":{"type":"Buffer","data":"KKj5nHkyplFLHaJBeeLkyuZBqaiYzLsXhDOf+5zQBro="}},"c+PA5R7JxoGHd9O0b1XvUE2kOB3LK4t4pSwIKxL/900=":{"valueMac":{"type":"Buffer","data":"FdDf8caVXL7XsB+FZFj3MMf4UCdLfsQshMGT0ltyAnk="}},"ezvtxtKMoyv2dO26NmfwMBFLDdo2tNuMEr8xwO5kVsU=":{"valueMac":{"type":"Buffer","data":"6xiw3UA+30LapPm/2EcLy4QuacT0YtEc1XFAUhCNTHA="}},"gFrNJDS/eSp/bpS5zPCURGkCPOCUUKBTZLdj/V6Yz8g=":{"valueMac":{"type":"Buffer","data":"+qxP86YWj2jcl+24ul8Zp5aJ5Erc5zUqsOsP9jEZ49s="}},"iEz2ycTt/dlaSaxz5P/WfQqxptRENmehuBPiEVRSBrE=":{"valueMac":{"type":"Buffer","data":"4bwBEW/NWCp8x5cZn9D9IPopZ/TcPh7AiH5NiLg8L5g="}},"ig21PdVpiZ8zQWouR3W4EfN9f/LfpyXOZyDH2HGiKnk=":{"valueMac":{"type":"Buffer","data":"aZAfED7xS9IWLZjoiedeMCQcRoSDrOXA3I0v3KC0lMk="}},"jUB4c5mHInv4tgL7o7lbNEEKIUdeDUzzwYSlFcGpEN0=":{"valueMac":{"type":"Buffer","data":"uqLpMy5nybeQ/ybMLiXHfqx5ECOEqf2gTVNuwLJy4U4="}},"jzVxFGX9JROFRKSOB/xn8/1d/jGbcEt/U0ArRXNX3NY=":{"valueMac":{"type":"Buffer","data":"CJuOIgDD9BFPv3LUxDKVzsIah2nmvA0dczLxK7mvpBI="}},"kL6L6hG1XByFbLiJII8JvjX6It+EJA1pz9NYxGPvWpo=":{"valueMac":{"type":"Buffer","data":"Ap75Y/uOHPaqApxs7sRUYU0iMLhQtID6BHEZQkZxwCA="}},"l1v21JcSkNqBNWLjkqKaUX/MzUrT86gbsHHzEvPTlXw=":{"valueMac":{"type":"Buffer","data":"/zNrybvLO05MAmVX34IiVh1ItpPO2RrO7TMrAsAjNo8="}},"mXfFPOofCATaiYSfLu0xD7B9KaIn1u7KQJxYnUp9wMo=":{"valueMac":{"type":"Buffer","data":"sm5eRpfPlrgzBfd0b0KQTWNf64o4kCwLgYEE0L7ekGE="}},"rf8U74KPnqccXMjePBPvxt7Xrn/4eBHLVj1cUSwyOVU=":{"valueMac":{"type":"Buffer","data":"gGin+1jKdCItWkxts/XcZViJ9g3/ZJB6N9/r6HQex9A="}},"sQXXwiPRIocTM9AV/R/ncJ3Dg8ZS5TW7nIsbNxQ2ghE=":{"valueMac":{"type":"Buffer","data":"HDJt3SAQ3BOOXVaBLhVqu50fCvm208lWCObJGvJ4gSA="}},"sktgzt4ppw11A1+YeaDfem3Wr9VwDijLzj0DSZ6lh2A=":{"valueMac":{"type":"Buffer","data":"bv4kVdM3lxXAJD7XZbaGJbGX6+1J94g2xJJxtOREa88="}},"t+DnNWRCvHmhaPkqccwix1ikh7AdeIZe5Rffvd8SY5Q=":{"valueMac":{"type":"Buffer","data":"XkvC6nvmstmkHE5JNt1H0jYj1hwT7Q6Ski2PXNRgSGs="}},"uVDFiKuXEvlmBDjqPQZOqmiroQiQug+h4LG1JIiMUQA=":{"valueMac":{"type":"Buffer","data":"p0m9V4hVd+4/rrN/e6zx6+1LAAvTrmPuY57hngL8nLA="}},"ukXtT4i5l/RTGUWBaFE9Nm0IgqwLo7ObAvH8UrCwrsU=":{"valueMac":{"type":"Buffer","data":"N0RTagWbtNz8g8VbexUBDttHFvuBVYCCudoZMgq6bkw="}},"uvL29uvlcDjY90quiWqxmypiGc/t+Uco3R7iNItndCc=":{"valueMac":{"type":"Buffer","data":"iz1YUZ8TAcHKGFnkSOqYPv9aq0XV97IuCGhmdnf9yDA="}},"xOcu8eU90JJaTOpFU0m+1GI8iTYATajrpAZd+I8fivQ=":{"valueMac":{"type":"Buffer","data":"YLLhSjjxyNg3QfBuZdYrtur7jMYFKOWKQAxhd9FdHvY="}},"x6bv8sXv92+tYdOJVJeWkbk1FzqKcQibZYC9JDCcAgI=":{"valueMac":{"type":"Buffer","data":"ASeb0MuyvTmPVbIFtwsyBROHtPAfvxgnE9w4B0Kmf6w="}},"yaYJTJdc89bLH0X5AZM12fAiKhk+ssKDkPM5ydvk0EA=":{"valueMac":{"type":"Buffer","data":"UuusIn6RLE8iRxu68BpRlzcjD0nUdxiMT6b3ussEMG0="}},"zSOGIm2LOiMyWcY5TU9twz3ECen/cNmTb8jBbAlwrGU=":{"valueMac":{"type":"Buffer","data":"bMCxroxxd1RyKHgYWdcMEkWyhgrgFwGfK2Lr7b4grHU="}},"0e8uYc8NfyW0EwZCnsfcec6EWvsp6h5rkrlo5p2IrCM=":{"valueMac":{"type":"Buffer","data":"6vRIg6Oiw9XgpsLNXOGv1FXBSgQw60Z1wpz1oLDANaY="}},"1iWJQ3WUtVzA53K0sXq2DdeBTdZ1WTlLZCKWSMOoEKA=":{"valueMac":{"type":"Buffer","data":"wSGQfwIWtP3x/tgRZSs8PfrV0eJOZIiM82VkvVknq7s="}},"1jt3XJAMp/lpQh7JHnQiOAsdNnRnc+GEGQZHylmLeqI=":{"valueMac":{"type":"Buffer","data":"Qxw9s78mIzCzYgwhGnIZzanZjiLde0eBjR7UHEjLgC8="}},"1p9+MvLSCLg569SP0lTmC9SBCn7S3d9/YH3KPQqwzJ0=":{"valueMac":{"type":"Buffer","data":"UXf8m+a3+lEwbTQ+2u2gHMqwsl/J1YSaGDMqoqdmeMo="}},"1r6gDXcNYvexUijlOipdo9ZUlG5xOS3Ro6LTmbeGPfI=":{"valueMac":{"type":"Buffer","data":"YT60dpWca66Kpt9YkzuIIzWneY+IGoJqpQDfC2ygCOg="}},"2FPoddd5aO9AkJhTmsGZybvAGmajRLLT1GBM/q6jFBA=":{"valueMac":{"type":"Buffer","data":"PTaKl2Pnj7IEocAIq9GuCz2+oQdHKkjeE1mFjCKqnFQ="}},"3uZlgUdkd3h77TiPQdhYpz3n2RYY60a/H/Vh/3JZXFc=":{"valueMac":{"type":"Buffer","data":"c01950pswozlz/t0qmIgKPK767Pb2tqACsTjHpHdSHc="}},"31hTqeMNRJmOsrqRAo3fqSZrSyyH25y0w09G7dwyw/M=":{"valueMac":{"type":"Buffer","data":"Q9ZGosW7m/pkBTp8gAH1RbboWQon9gCR/nhQNzVrVLA="}},"4D+PmeZArltUIB1FMSgcsyoGuCWyJQ/bXYWCxHoxVDw=":{"valueMac":{"type":"Buffer","data":"puZ/qiCZB87GxFr5BdkTXfj2p4X2xSrMIj47KJ4MuWE="}},"7JASP2HebTmN98u/yDzZbak/+sm/7cBYcG8RByRGagI=":{"valueMac":{"type":"Buffer","data":"9dyMWTinMw426wkZ5hQwLRd07c0GvDioWUG/Eg8cHV4="}},"7n6j/hYey+hbJy95qzwnqcaxTAd+QJLCNoopbNi72uA=":{"valueMac":{"type":"Buffer","data":"GDXWALrltoH6Z1h9R77c8zHYbuWG+AO041wVkQ/FHIs="}},"9RZJpnz806ETLWQgBL+XcuSjptRYW7j61apSfaUQntQ=":{"valueMac":{"type":"Buffer","data":"hBFbkD9+IL2tzZK1t8KOjuNx4WfaQurt4WAYUkq0SWo="}},"95iD5bnqdDMiKGFWaK6tov3EFPOKtwl84ONl4nsi64A=":{"valueMac":{"type":"Buffer","data":"EQQMH3xriw+YE/3ozfX1GyanzMZuC7SC12CdsWJ61uY="}},"+8Ma268qOfMONua7GuQIGTLSv2rhvz84Vo/mvvO/X4s=":{"valueMac":{"type":"Buffer","data":"CrSjwSnR1iH5WzxWQ13OIxM53KTUwoxdjh90fbmkLl8="}},"/EYxaBiRBEGKkiWfsqI2athViK38qMh1w6PPHrpEeLQ=":{"valueMac":{"type":"Buffer","data":"AsODEgjJ5SdGUmMJSyGjy9I5Z3H2fqKj2+zaXED2P68="}},"/ZYxMSqYbSV2LICcO2dNQADe7Al45SAgI/Xe7pDN+vM=":{"valueMac":{"type":"Buffer","data":"4mFDL0QBeuEjKIrOJNy5tsWNLr1jL0uLXb8Ton1FXpE="}},"/p68Fi6UDDwmeuqwzzdr/1A2n1BkMAuWYST9TJwy7XM=":{"valueMac":{"type":"Buffer","data":"1p+acoKeWMA+d9sgsxumJdMYP6a2IrLs3uHstFJEM+g="}},"5M1K6lNDFAQA/E+x+SlKldqV5V5Nh1jp0H3aO+Q4+h0=":{"valueMac":{"type":"Buffer","data":"bV5SK3GbU1LoDJW/Ycf98GxbrDQHqN5CC2yetKVshtA="}},"bZzCAolkh9+eAxv6TpkmIxLAtoTwSLdr9Pq2wIS/5rk=":{"valueMac":{"type":"Buffer","data":"GEDNwh2YuzOuokGw4BwM5LciKo7HUoUuMJDeSP4Nh5I="}},"8dGCSXzE9S/i8JWKJUJlXktNvadaA48O+g7UAmugqoI=":{"valueMac":{"type":"Buffer","data":"WIBNt7bLmNaOIiO/U6WYiLPrMzIzd1K/gU7zIUooUas="}},"25CbyxatVsTMwZ5Ft6Ot90JqWb9W1xW+fhjXDK91yBU=":{"valueMac":{"type":"Buffer","data":"osrxZqYm++qhXi+1mr3fQR6J4p1A27cTx5f9bLPIW8M="}},"xmswVeTfKHJZJ99eSCgZ/RufYe4oQp1Clr2eMk9q/gE=":{"valueMac":{"type":"Buffer","data":"6E6to6VIO/FjFS2fQRVbVrM7U9KL+dtSjqUvlE5xFHw="}},"FCVo8S23VequEBvfG6++Wuu5XVXxCde2oG2AN3sXyMM=":{"valueMac":{"type":"Buffer","data":"6sHWF5qp0YhpeD99BRlBsYHI3oqPHioBrgwhXU6p3K8="}},"np8ShMEPcCOoonB2L0wAC1TgEN2NQgdfakGW+HbVRq4=":{"valueMac":{"type":"Buffer","data":"0zIxfGvB6URMcwKh+A82z7RGia9wzEmlRFg/RO378xA="}},"pJcl6ynlGUHLWpa/TcEiF3BbGImJEx5XWQglp7FAflo=":{"valueMac":{"type":"Buffer","data":"wmt1YtAK9HzJFBSWoC9ninSvFTTflXI5LyX9sJYak8U="}},"8MU9lON+GskDhFBHGZIpkYs+AmEQZheDps8UMIPiNBU=":{"valueMac":{"type":"Buffer","data":"7Fa1P0eJ8ahyyWixAtHK/KU3HBPczrVvkwoafY/jNYk="}},"j4EsnlTMvTruph/YJVtkvCx/zGn8fSaKZbAbjn1Gu+I=":{"valueMac":{"type":"Buffer","data":"/lY4YIAlCLeWetMILuTimnnhImwxpR4VOIvdoDtv5e8="}},"+5qoZ/tyQ5hax4MDWdF1fM73xYiqbgw/IqYHzmxtHhM=":{"valueMac":{"type":"Buffer","data":"C4Qakam4DA2DproyQL8ZEaVRfqJBHlZFJLXtT2j4Bxk="}},"Mfoc84+n+5tRgI4HM53+UZtGZOG6dOnrbkiReWpmBxQ=":{"valueMac":{"type":"Buffer","data":"7hNSj3mnD5THfI0qaYSNdJ87X3xlhYWx/L/E8mPvzTw="}},"6VCY+FzDPMP/3RmkcuIt1SBS30KSfvVzkrx5M5ST5oM=":{"valueMac":{"type":"Buffer","data":"YM32WbT/BxPagjxIPW+Kf6Td4FPOhZiQFpyHpjhSc9Q="}},"0xWY4gYRmDAAr21dhrE916HB3b8aVooODF6BIuaWIw8=":{"valueMac":{"type":"Buffer","data":"yGvsxz0CKLLGOrAo2HS4iLMvrzOJ2a9eGMo07EDLExU="}},"Zwwrmjx24zajIcJlye+kSBtbn2wnywR3lcSIWyZp98s=":{"valueMac":{"type":"Buffer","data":"5Ty8CYPAMi12vv9/6G5HHZD7honCOfb3xcGDvd/LIgI="}},"bxn2zEfmggyU7cyR2QGHVsqLlA/z0H/trq9FmNbqiaY=":{"valueMac":{"type":"Buffer","data":"fT7eKUu2W7ClJ5dwvSNIJ855rtAQKymfK9mU4HZiafk="}},"zflsjrVlocFRr7vlHASM/G1mNehZOQJPcbdEvJDssf8=":{"valueMac":{"type":"Buffer","data":"Dlb8R0nq8CyYHt6LMLEDDljO+DLCyikFS1+1UL0sQBw="}},"XBnxaP4v+6f9lKhIn4xwIHut7HYxXA9A/c6KxSqKVB4=":{"valueMac":{"type":"Buffer","data":"uNjbAs3KDTNC+8Ju1j9PDf3qTHg6lK2+d1j+Ci9DGRk="}},"Sck6bODyarivA996rNK1qVSowLc74ykKek4Jb7pR5IA=":{"valueMac":{"type":"Buffer","data":"/GeHHgJgdESmTjhYJ17RkeMS32pynei+PMtIouftVX0="}},"dLBU08FhjIw1q0Mzt9Fexzh9nAOHxKcuOHspmtYMtWI=":{"valueMac":{"type":"Buffer","data":"MZ1Cyr/8mAcNfVNw2jiqMYA4tQTl8CPKYyaKRwU6kJY="}},"oPCbHO6R2YAo91nJxnnwVGYbunLLKurvH0Ll/5V3xd8=":{"valueMac":{"type":"Buffer","data":"wimkITOyhewGvRydDp4hzIStw42szErb7b4xf45ywQU="}},"qePIskhNoXp2FCSqYrQYUaEGlvfgUYZrv7Vmq9KktAQ=":{"valueMac":{"type":"Buffer","data":"l/Ur1Gm22fe+edu8ca3GRXCdgtfvLZw29E8u2kJ1FtM="}},"EExchnFtO0Kfqfj3XfS857JbcRhW8EF3hjR5M7FyZsk=":{"valueMac":{"type":"Buffer","data":"Q7KVPh+mSgjvaIJRuqr98dU4WN8GOnX9CnSjWjXUMY0="}},"R5GT6VfR2rcDE4sXS3ak3bFxqPG6u4oC/CiMZ4qQjD0=":{"valueMac":{"type":"Buffer","data":"zWfWMO2WVJjqMQrPGufp85RkrKn3pFGE5OWFjA5LIRc="}},"rUWSf4dwk4Cy6o7acGRlwTT3XeGjCISDxKfVU6H7c+c=":{"valueMac":{"type":"Buffer","data":"QpuXUFMunLu9Tg+KZHkm3wWqLaoOCHovkBMN+HCJY0w="}}}}