{"version":24,"hash":{"type":"Buffer","data":"bksp0fPJwMo0k6MBC0BEcGOa8myW6WSyTyh7IfOQnAhuXyqiq8TDBZ8cmk9Z9jf6ojW2sAQZNv1B5ASCfyY7nzsmIWf7eZgD/hQSb91WNk4dqVgIake7F8rjkDxBO7GRAiAi/2RrBtbNWSK362q53OiT2oXZSZRPHosmJXTh2K0="},"indexValueMap":{"BYOng5Vc1uqFLUtVd70Yo6hzuEJ2k94J0+oBMXMe7qQ=":{"valueMac":{"type":"Buffer","data":"DrxbIvPEKn1l7wgyCVyPM89BLmZtp36u/Y0heU1d+oI="}},"hwpClc6GKfjSEz9ZzIUoq9bEbSLqrq8gcSuMV8G+2Ek=":{"valueMac":{"type":"Buffer","data":"DZCQrHjymdOGiBEEcbCbzaHqTtIMOON7l8w/wRK1vU0="}}}}