{"version":72,"hash":{"type":"Buffer","data":"rWm05Bn84w+VtOURV/KkgbjkZWhGaWb1+wDMYclDj683UYwFSixDhViFRn8VEG9GiocNBcYtoZszgMTG5gCQQFEUWJZnzS/j8Jp4m9ldR+wzFLhtipKsT8qcW/HA7AhQEYN/9P4CdFyJGJN5XfJsmA5SqQsxSyOE+ZA/rLZwgdM="},"indexValueMap":{"Bx39SR5q6lnOIW3GALXg1aUdGCPOfdDs9ciKII2G/ik=":{"valueMac":{"type":"Buffer","data":"TqP+DDlI6DiTBXvj06uP3JVkLDH4dJ8Db8Qoibt/++4="}},"CaaAqgtiSQ2zW8+atQOI0uOsmixGh/b3o/MyDp5/cRE=":{"valueMac":{"type":"Buffer","data":"XnXONd8yY1gn5AliFlTz7LDRYjaJbzOqGccUnJ9DVN8="}},"DHyWacu8EDyw0x6eb11vFwhPwcj+KKdrSHe7GUR/c/A=":{"valueMac":{"type":"Buffer","data":"VQJ4gDWumceX52OOQafkdbRD9RFp0ODz1xcG+PQ+SlQ="}},"FatWfJ1fGSWRuuGcs/6mhxJFZiQ/IPyd+0dZa7o+NJQ=":{"valueMac":{"type":"Buffer","data":"pUzclQZbhTV4BQ845wrV6ZUQILkjhMjVN22jgNwLelQ="}},"Foc/5RvoFKiBv/bLTNEFJ62uYjVbNf5LJiLKJPaQBgM=":{"valueMac":{"type":"Buffer","data":"duBDXJHv9boGqYAhMXWkXEokxhcEs6inB5XTkVyBku0="}},"F/Mid7bLpzJBlmNFhe2uT9JOWSfWE4XMeIq/k4+cEbg=":{"valueMac":{"type":"Buffer","data":"GeJ1zed76Oi9FNa+eOTy8tb/qNK8xXS5tsTseADPM+0="}},"GJoMcyD1Xee6GiteOMeon2KFFHFf7uKr9UZUL6bwU/M=":{"valueMac":{"type":"Buffer","data":"pDSKPpbcteOdyHac2BBz9VBIE6T7B2wO04SV6nDve6s="}},"GUMwVv2qNMBi6TpG4zxpkjpGVJYiGXOuczbturbmwD8=":{"valueMac":{"type":"Buffer","data":"Kfl4BxQsQ2XRl/pWCWKFQPALx4axttHcBFi5CEOLTBk="}},"GYQVHjp2+2cAQQm0/2ZlqGmGLHmunf5bgFFR1JObkWo=":{"valueMac":{"type":"Buffer","data":"DlldghlbBUB+xQ+bHyPYj5w7LFRRq9TB5nabVGDuFlE="}},"GYu0vSWV3ChcaxKnkdMjcco9afX5zM9zEJGURwmvoic=":{"valueMac":{"type":"Buffer","data":"nCjpXuQ5Q3ocOJm1UURacYcHlVotw2KEmFvBiBPUuw8="}},"H/+2CPTzatllKVKq85qUqEyEghWnboXfiwMLS1Ew70s=":{"valueMac":{"type":"Buffer","data":"DoE0c5j4sWbNM2pDSkeMZ/1Js9HODG90e4SWfHAJwZc="}},"IuF52/THeebtTZNKEM4EqXtJ6VP/Y8XBk0/e6tnvrSY=":{"valueMac":{"type":"Buffer","data":"02oDmuOP3wfyawrgbQLTwp3aGK6CTh7KNJmHOU+L5wc="}},"KhmIAZuqKICLzsUHJbTbRa0l7Ptf5fcrTzhcx/+9xnE=":{"valueMac":{"type":"Buffer","data":"bgcsQwquJhEmDd8JojLg55Dw8w4LTVZz7k0GAe/C138="}},"LF6FHU3ld9vVisG9XmK9emyxvg0BpHZJRbQN7prrV5A=":{"valueMac":{"type":"Buffer","data":"dum5VFnutS6TpBTztModwliQx5dZiGfzNXmrQ5pTuOg="}},"LQtdjL7+PlyPwoWGnjId681+8Dybq4r3q7HcL8srKNM=":{"valueMac":{"type":"Buffer","data":"DKe2zA4Ufh2nzQoQYsrfRfvTOklvosFlpUA4VWtSylk="}},"M0z+KR6yR4iOOrTw1WKz3OX2wlILFYvb1kk3Ho9bN9A=":{"valueMac":{"type":"Buffer","data":"iiyhroasLB9hBwhPckS20MlK8kQdmqmFvpObFkJmAmI="}},"PnCC3bYiA2m2eimShtbtb2MBQ5kDIJp8+ocjcMRwsao=":{"valueMac":{"type":"Buffer","data":"cOAAQEfi1yd5lD2Xyp/OeTEQSXU5srTOSOmejfmZQpI="}},"QfgB85zBckimKS6vx0grivPu5RKbaoC0LNjpL9wkjUA=":{"valueMac":{"type":"Buffer","data":"dXsQbalIutpVtRxA6NQWto0QsnB5k1AKcr9GktS4+kA="}},"RNMBPFxKe9+O4Xh5bURsieW5AS0t/IK7oJ42fV9f5xY=":{"valueMac":{"type":"Buffer","data":"lmQwtRkYUd3DzWMlreUM9pakPHfwVdIk7XW5V/Cby+I="}},"SF1yjoMsF1kl6Hn6VN2MqN06MT3eE9wIKfghQnIyVRg=":{"valueMac":{"type":"Buffer","data":"8J4IC5mK/XMu12Ml62OoWUpVC6WoNcxJFKZlH3rgsL0="}},"S0sizBu++pvQF4WTqwi83yMOoGaXBjwIefLrwJDbwzo=":{"valueMac":{"type":"Buffer","data":"1fSlTJC79jtkkBhu0BdJePAVNsZ2DykByq+9o+Un8xY="}},"Tb9aeGVA7LEBl0GHyfHKDHey2j9fWVULd02bTkg7mao=":{"valueMac":{"type":"Buffer","data":"03SapKjK/qRIc8u0kUrAxBZS27WW6gT6GAkjz3TETI8="}},"URhLfAMRx7mSU8vz42nzFaqY7Ze+lNcROdY2MbMqvdA=":{"valueMac":{"type":"Buffer","data":"k18O+Pmh+qNEVIa8UH1n4wEgL31AIkGBnxmoPnEg0iI="}},"UUPddI7Jm3A6zkIo6ckbKWUBgi1pizAtIPdXNSlGmhQ=":{"valueMac":{"type":"Buffer","data":"AlVqHhxkjDX/hYg/cSVfUaCopuaT/JB7d+YrryDqTSQ="}},"U90SLCNgsHxMO/EZB46ik6lUsAp6xmpX2SKftfhymQ8=":{"valueMac":{"type":"Buffer","data":"1cdmTSpjeGaAthl48NpjBrUC99gYKOqu6Dfa/DtGuwo="}},"VHrCRfpC0fHronx1x8cWQ30a+cGEExoJOH6iOeHU6VM=":{"valueMac":{"type":"Buffer","data":"eLvyMCeTHL0CnXu1J4yq1KzjvM/NYw/4t3ULL4KDl9Q="}},"VntdEA11MK9SHdH1s0gKBatUMpkVr5CpMsedbP8TcY4=":{"valueMac":{"type":"Buffer","data":"IZL4z++9u4IvVM1rrGGRjVpStyj7yhy5wS7mFHKcTjY="}},"W6co757sTXKErxfo2PXtFasRJvqHHD/EtGxo+Xo425M=":{"valueMac":{"type":"Buffer","data":"XGg/pcbdTVH5I+AhccBYXq8DN9nWdTXFROdJeuRRhts="}},"X7cHUICrCug6pSwRay0KjXzHWdO48a6NT11ne4Y2PoI=":{"valueMac":{"type":"Buffer","data":"+ZxTcnlSf/G5qMfp2S5Stp9hTHY0dFG4bAdArvZz7S0="}},"YBuA5lfo80ditZ4Cj29ZWXdonksYejxv1EBZumlECfs=":{"valueMac":{"type":"Buffer","data":"tqp8M27fYuXezLBzjLQYi1ZW1DE3Zz1oCe3Wn13Amkw="}},"ZCikOjvwZs/iymevKcTokaUOBM11UnpvvX4Svnhvszc=":{"valueMac":{"type":"Buffer","data":"Fz4WOgNJTp33y3G3fTak9zZkah83de1qUA4/OA+c4Ac="}},"aa3lFEp3qpHXAFInYsmxD9uZJPY3tQtL0Pb7QB3xzYE=":{"valueMac":{"type":"Buffer","data":"ST95KxZtdk687KlVifZ+Amw8ZL9g4z32HPjx17+Gm7g="}},"bZ8h4lVHO21UhxkI7M6/rOTVdg5WD6sIOqZ9ugPCOvI=":{"valueMac":{"type":"Buffer","data":"3edAJUIusQMzNCFdgB/CVbIrNP0lSQRxkGljz0o7Y8I="}},"cYkE8/l03VfQ14BKiNkHa7xqVrHIbOwIe0N+A0rodiw=":{"valueMac":{"type":"Buffer","data":"tFnn9qLyH/tw55a2z6KB+GuEJqAU1LWap4Zp5kDzByg="}},"cm5F0eCItDnYlbLiPapU4mYGLV4riFXxHzB3smF4FYg=":{"valueMac":{"type":"Buffer","data":"bM1eXQB2gDXi82ieYyH72Jf5Gfhf1FD1GpI+95ILqFQ="}},"dfsAAN9mfNL094xU/vouUofJZhRy0WCJKHr6xkHSrKA=":{"valueMac":{"type":"Buffer","data":"CleCQsN7TvWDA4ckgeQLDiCAgtjas1lTHE4/Fnh8jGk="}},"hNNCY/9xVCaooeUhiC5Mmn4svLrpnjxQh1Q4pXlhDzg=":{"valueMac":{"type":"Buffer","data":"1crScf/WFOZz3Ybnu1WLKput1tZ1FMIt7j2+wOk06JM="}},"h4CnvlkmT3FOQyld8fULmiSFSoi955CNa7CQxCHAJhA=":{"valueMac":{"type":"Buffer","data":"yo4Xphek3JT10YaiQ5zqAOHPM8TEn3NGoStwtvke54A="}},"iLvojDOcqGTKwJZn6lLQrEWHEa31FsRcIyoU3Ir35do=":{"valueMac":{"type":"Buffer","data":"AIfkqisH+o3A2GgWiEUsZXA69KwymJPSAVpG3qZrYq8="}},"icA1wggnqTjvtrIyUS8rLhJsBQpZq2TfRrNohpjuARw=":{"valueMac":{"type":"Buffer","data":"E9NClncGFqYP8eKFpfYTuUIzqeitXTAKBxZPVeUal/g="}},"icLbYecLIY+d/MsFNtV8fOoIT5rw/OwPyYSh2CJwW+U=":{"valueMac":{"type":"Buffer","data":"i/LBHd2vxNeT0ux6iwVypzf/lfCPFozxgLjRyw9Dkwk="}},"ixdajajGhZxG/A3FLio5ZbddB04tTqYRqfsfWQJqbd4=":{"valueMac":{"type":"Buffer","data":"OchJPCsZlSuLGTrJg2VNnzjAPGImNQjBYyEqpei/Z2c="}},"jnRqz8g9M2rKzT7lanGYW5QkDq+SwYzFhb+Rj0NpXqU=":{"valueMac":{"type":"Buffer","data":"Y7qIcmZAimy29HnwElblu9HL4qoSv0am25NnrVn9sCM="}},"jtfUR37QEZaRTgyYJ0i8lOnWPY0SXWzdlf5pBXdVAkY=":{"valueMac":{"type":"Buffer","data":"koiToPKvz/boZYAABBBExajvIKMaZqVtgg2lhJyH/zU="}},"k/mSct6KXnLJ49aNmM5lfroPTEg4Oap4fdNvVEiMhjs=":{"valueMac":{"type":"Buffer","data":"3ZzHktDR33ZzOgakf/6AkegTUAWnG3u8QG//ERBClVw="}},"lXWkeNmb3z09k8GD3Exn8QN3Mw7tCV4dhyaFqrj59eQ=":{"valueMac":{"type":"Buffer","data":"XCWnnrSdgYJ2kwoCdTwDNKXpZnUsqaaLAMF4ZRICcKs="}},"lhzYprCj1fsd4je5IFlGHI1QFpbGvQlQIw1Yz2Es6qI=":{"valueMac":{"type":"Buffer","data":"LWvlG38UKxx/qGk3I6g9Lo3ke0Nby6y5FnaGl+z9fHA="}},"mX97N7ETPWcp9Mjaet/W4Ju/kZVBzwVxZzhiqDMkf1Y=":{"valueMac":{"type":"Buffer","data":"mB9P5mB3gXguw0ykxspsCewCgusCC0XQ/ApNMTlk5Y0="}},"m/OR+WweaMePQ703hvq95nD7c6Fu6tigi+/wARwMuTU=":{"valueMac":{"type":"Buffer","data":"pMU5ObxltdSxE9v8cjmCocyRaxAUGjfv586bMLC33aA="}},"n7Trjcw0KQuJ0lePCHY0aQBQaGXgOdGR/eZV7RSNqjk=":{"valueMac":{"type":"Buffer","data":"YxERwtWsC13kfVicHVwYTsWDJjMAMuuoKHJZsClOV78="}},"o8UQEIJo0QPJpEHz1w2t3MuU1M1/053QyhdfVNuvlu4=":{"valueMac":{"type":"Buffer","data":"Ap+QmvEBH/+vTfc6WrAPbeXEd3PaDrRU7bXePAfVSM4="}},"o/m+RlCcZtYoGWwfjst5J8yU5WFsBxs2WARiLGlXo9s=":{"valueMac":{"type":"Buffer","data":"z0gUo4mZjYaplQbI1B/9s5lzuGroIGyC9u8dqpd3Vhc="}},"pmwcQcW8fX2gXOOOrnyc5WAAtPxit1XeF1qQAiOIUvw=":{"valueMac":{"type":"Buffer","data":"CzIg4gUvjl5Pu7GsKykOLx/e1Y7s9AKjYUKf2Xx7puU="}},"pzg2CvdO9H64m3WfZZ+c9mzuaW62BDTl12bynrEG3Lw=":{"valueMac":{"type":"Buffer","data":"VvuP38AMMfiw3M4MbhGfEdWrO/0U6sgmULu/H30TfwM="}},"qDcH0cr52clC5f2N8Sjlu4Tll7Q4U749dTYir8Nl6xk=":{"valueMac":{"type":"Buffer","data":"kjr9BTSa6COivoiAIMozqqUXPbkH0EesshRv84VT2No="}},"sR8mEU/ASTiueDnS02DqQ2+G0q36tOy1t0AnSO0e2Io=":{"valueMac":{"type":"Buffer","data":"fsy+IWrMgxCHj6AtxdhlfhgCQjPdPw/VQqpVB96F3xQ="}},"v3gTeX3rwu7zrqeBOjC7vFBDrWuk9NKN+PYvgsWQVik=":{"valueMac":{"type":"Buffer","data":"TFR/DIgbqUud/c34xmO5f8g2sQVz8w5++abVatSexoc="}},"wPGEHcKeCrtCvJe24nZXM3xFJhho7q6YtU6rBofe8EI=":{"valueMac":{"type":"Buffer","data":"Ra85rhTowkVWj9aemCNUSVHl7ldGvJi1TfDCmx7Ec9w="}},"xQi19Ygzkh+r6Ufd8inN6RzB/AIWrJZbR1HkTHUQytA=":{"valueMac":{"type":"Buffer","data":"vA39sPe8U/9bIr7gTCEeAsGM6YsXkJZRsvNcnOq+Pps="}},"xThYX6tDhWomqfjt3t+riFX3yhB0pNc451xzinN2lYw=":{"valueMac":{"type":"Buffer","data":"B7yqXJAhdxpxnbVLYW8bORTIMYqOtjNMLZhYcSc9bJA="}},"xW6BiHkFoeO7NY19X6817mGpZAAJOwu/r6NfjfXEvTE=":{"valueMac":{"type":"Buffer","data":"QPUHSkbDIE/+PAG4mcYP89caRQm8ajJ4CrMWvhTYi3w="}},"ygXdb31Sa8zr5SUSCa/6IL4eT80rLOYFjecSgqSZuxk=":{"valueMac":{"type":"Buffer","data":"xk3xDWFteOgbbTHN1qQybv55XFfeSdahx4PL41jEOL0="}},"y/SsW7MFnJn639hnco0WNwbpDOu8o+Zd843OrQACvEw=":{"valueMac":{"type":"Buffer","data":"iHa3cigbOQPl2MoLu/ad1snLB9bYEKV7L1hZzqw4vE0="}},"zP4FBc/LLjN4sfFKrwO86NLrbVhHXqWWG0cim32rrW8=":{"valueMac":{"type":"Buffer","data":"COTlmy4DXvcK/YmUVpU+jI/ezAfZr9IplhPCTYBAGJ4="}},"zifVqxLBZtaDhQoCw1EGKcxYLxQx02ydzVlQPf9sRl4=":{"valueMac":{"type":"Buffer","data":"tPAz6O8vmHGTeJgTbWAgvI+P2gzY3dTQ+7Iqxvhv1X8="}},"0jLeDfyHtuAV9ps+pL88TgV+XHuATkL9B8EPtCVhaz4=":{"valueMac":{"type":"Buffer","data":"PpmL8Jy6YCg22MsgxP13mklsEXva/2onjrf+MyakTdg="}},"1QtcaF9zPCcsPqkmLEZMkZZALd4BQ5Cy6BALXzBuFSU=":{"valueMac":{"type":"Buffer","data":"TCcWgMVHmQ/ClM/2KfSB4k/d662+tvFZIsl6iwPHOxU="}},"23WKzfMiYNJI3wAOlWDE93T9E8sQxLfNpJ1QpfGf3Jw=":{"valueMac":{"type":"Buffer","data":"fGInR3yciwzBocM4pJyfmu2N1xmarAA53k3x8IUS/D0="}},"3xhtP2ZGJmhP3Cg7bT7VJOV7fD9SwzNWe3jc7iY3ptQ=":{"valueMac":{"type":"Buffer","data":"soWf7POP3QJTvTpu647S43vSPduNMoaCbaBVigKTKxA="}},"4g8moxTCctofoFaqPUZI9HaFZtBW920b82p+ohh+Dvg=":{"valueMac":{"type":"Buffer","data":"FDoBt7uG0XuYvZBpIaqKwE2Jb/6Y/TaNLbMhhaUVwWo="}},"4iOF9k8enubwocj9os4OsqHH++zGH1btFRqr7FuzSLM=":{"valueMac":{"type":"Buffer","data":"7AuhVjamiVQtu+Mq+spfszjqcBRpyS7aD7SudQOWYOY="}},"4tQa/rGYHIjCgYviMFc6mIXQNBzvNF3aW0hia/RlnkM=":{"valueMac":{"type":"Buffer","data":"NOnyqyudXe2HcoiWesazZWQEig3NaLt55NCBSqMKXxs="}},"4y0IF5nZ+Uhk5GC/7nIKsBpl8TIyS0uEFFp0loswz5c=":{"valueMac":{"type":"Buffer","data":"k3SbMgXQYt9r4xxQc946hpJVyL5yUOrHkKsGPxb1MWg="}},"5OAp3XXf3ThkP/2UV9DQ5A/f3XqMAPBCffgNTLpYaYc=":{"valueMac":{"type":"Buffer","data":"qmIaWMp7MHBm9fFADkLOcPQoYxTcOYznc8KU3JrIr4c="}},"7o/NAHgvzIim+/+hAWbETc3Z0oiLb4PYSECf2dXvd4A=":{"valueMac":{"type":"Buffer","data":"SFFdl/t3ppi6CJoK8rd51iWsTcPOUa2Wz4ShqMld7wE="}},"9mMIAvtDl2TKg5YlImRXBllpxo8ndlh6Bx7VIpH4GDI=":{"valueMac":{"type":"Buffer","data":"IcM7AE9ObkaQ5QtQ+IJTNI5AQrDcxsute5A75FtbnkU="}},"9qqUFx7uNufcLADMmg1r0ZmgZkbw4UYQkRy8fc/UwDc=":{"valueMac":{"type":"Buffer","data":"MIHp8Ukzn3i1odwJD4mnthsK1W0dfZQBOGxbeaTDTco="}},"9wt/i0mXP/THe3pHDIgrPaLC2DfPmCd7o1/wn0v7J/c=":{"valueMac":{"type":"Buffer","data":"cg0AQ/VjkVbUKqfSjYcBMXIuPJ+9u3PS5oiGbD4Ma5E="}},"/AH14Adf/RoCeLowls+EYb8M/f+sgn2GpNJLafTev54=":{"valueMac":{"type":"Buffer","data":"1c7pf0lC0sMYdN6IrBlwkWjlv62fgnHv+4fdgEkWks8="}},"g/UPFSYqlb3CFsjcnhliOp+YCKUlVz1n4Ehm/QUU78k=":{"valueMac":{"type":"Buffer","data":"erduPw6EHm7YdIatHcQwD3bG8FbRgBXVzq719Fl+bn8="}},"Nb2qWsMNhNgUQg/Fj6UkNBIzo9B+D5g2jHkrOBrKiyE=":{"valueMac":{"type":"Buffer","data":"h7dw+7EDeMhEsJTCuJxyIxJPSE8RygQrUth/hUHAZsA="}}}}