{"noiseKey":{"private":{"type":"Buffer","data":"+EFXux7Ve76xL1QSzmejRmSs9jyFwfa2fKlWcc90+FE="},"public":{"type":"Buffer","data":"4W2UzyAoiYrX2AIzG3FYD7YDaUejo4zYFchitpTOGQ0="}},"pairingEphemeralKeyPair":{"private":{"type":"Buffer","data":"6JJOmbh0HhxpOfeDQCpqEEqn+zAYoufX0Risye3yG0c="},"public":{"type":"Buffer","data":"Fn0stch+tAHd3ulZh3JNsBqTRWNaZUEaM2+TDoxM6Bo="}},"signedIdentityKey":{"private":{"type":"Buffer","data":"iDG7LYUV0+GbXC8qH1zyufv3FFehvG0uLP3DYRI3PUY="},"public":{"type":"Buffer","data":"hAtHgMtjsEOW/ZqrSp5l0o3Tbe+RJZbdqK0HimNPXVk="}},"signedPreKey":{"keyPair":{"private":{"type":"Buffer","data":"OOrhANcIlFJPZuFbsGcg+HQKj2U9IBaQZWQnrf7sw3Y="},"public":{"type":"Buffer","data":"saC7ddOWNC/7bqooXlzZsTCdddN/DJ1PIlHUk3dEHQo="}},"signature":{"type":"Buffer","data":"PLdotTWoIaQ+c2j80Q0A7mIKiGxCJKqKGuushaXqhPkrtDsuD+U9ECgGyNGPb2iRd59wLZKQHmLtOFMILtHNDg=="},"keyId":1},"registrationId":88,"advSecretKey":"ck297HWF8SxqS1d5QpxuniKsscX17uk0CkjTWOAoed4=","processedHistoryMessages":[{"key":{"remoteJid":"6283173000169@s.whatsapp.net","fromMe":true,"id":"93D16D3B26DA10C0DE0DEADB686742DF"},"messageTimestamp":1719026983},{"key":{"remoteJid":"6283173000169@s.whatsapp.net","fromMe":true,"id":"012761261D38E2C3C9E0B4EB4F207FBC"},"messageTimestamp":1719026984},{"key":{"remoteJid":"6283173000169@s.whatsapp.net","fromMe":true,"id":"F5232B91726CD398DB2727BDB15374A4"},"messageTimestamp":1719026985},{"key":{"remoteJid":"6283173000169@s.whatsapp.net","fromMe":true,"id":"5E4B9DBEE634B6DE18225D378490627A"},"messageTimestamp":1719026986}],"nextPreKeyId":62,"firstUnuploadedPreKeyId":62,"accountSyncCounter":1,"accountSettings":{"unarchiveChats":false},"deviceId":"KX3UBBdvTzaQoC6M6a_Mdg","phoneId":"1d040d1b-8b5d-4502-8f91-d5270e65e5ea","identityId":{"type":"Buffer","data":"Az6FtTCtUwiOHfhE83RQiWtL0i8="},"registered":true,"backupToken":{"type":"Buffer","data":"QcySpgxIYC7uUbSPbNXeTBk/nFE="},"registration":{},"pairingCode":"E2W39WTH","routingInfo":{"type":"Buffer","data":"CAIICA=="},"me":{"id":"6283173000169:30@s.whatsapp.net","name":"Yo-Md Botz By-Sul","jid":"6283173000169@s.whatsapp.net","lid":"187647540654151:30@lid"},"account":{"details":"CK+Fhb4FEKGK2bMGGAUgACgA","accountSignatureKey":"PFKctFpCrrd9hrBlG9HhDkUoDJY30w4be23lBNPYMho=","accountSignature":"Q+95r8ZOVo8Cb9fTqFtLzUlHSuw35vfxeZiz19V6KOnkXFmM3YAhUC79foPywQFsO5QUQhguS7AxDQwqv5bwDA==","deviceSignature":"5tapK0ZY3Wp2TkFFd1Gb7uXZJbGJPE4LaUxyzx2+7iFyCNBjkx3R2n3kTMLdvmucZBgVEPvX4K0FIGC0TUlbCQ=="},"signalIdentities":[{"identifier":{"name":"6283173000169:30@s.whatsapp.net","deviceId":0},"identifierKey":{"type":"Buffer","data":"BTxSnLRaQq63fYawZRvR4Q5FKAyWN9MOG3tt5QTT2DIa"}}],"platform":"android","lastAccountSyncTimestamp":1719618023,"myAppStateKeyId":"AAAAADsz"}