[{"senderKeyId":456273585,"senderChainKey":{"iteration":170,"seed":"XpFfF5BAxbLBUkE4dMcvUNL35o9L5f13y/FGobgdkZI="},"senderSigningKey":{"public":"BT8fXH9UUjHTIjdcmgxkvnj/8SUmVFJAUvhjpQ2uqugQ"},"senderMessageKeys":[{}]},{"senderKeyId":456273585,"senderChainKey":{"iteration":65,"seed":"5lAs0n86tr3FkoeGC7Lee2tL545ImM/SN/7WoTlfmRA="},"senderSigningKey":{"public":"BT8fXH9UUjHTIjdcmgxkvnj/8SUmVFJAUvhjpQ2uqugQ"},"senderMessageKeys":[]},{"senderKeyId":456273585,"senderChainKey":{"iteration":103,"seed":"gUXxqGlxjlI8g0Ddk7qYOZFs+0z1rAh2BIuy+mmJuEs="},"senderSigningKey":{"public":"BT8fXH9UUjHTIjdcmgxkvnj/8SUmVFJAUvhjpQ2uqugQ"},"senderMessageKeys":[]}]