[{"senderKeyId":197796614,"senderChainKey":{"iteration":79,"seed":"n8sVCjdL5EaFuUHDROCJJdtwmIzAlo4003VHx8tLif4="},"senderSigningKey":{"public":"BeVP7J4SaVvNzBcvJMjLQiHvSko+wjVOLcyospSUutAj"},"senderMessageKeys":[]},{"senderKeyId":153926157,"senderChainKey":{"iteration":165,"seed":"b1ydDcIDnV2eZ1d8RsDRL0nHt/URU7f1j2d2SHTgwSE="},"senderSigningKey":{"public":"BVYys2vUVwC28tXNkeD9FZuQqRlBVJsCWPbjFkmxXVQx"},"senderMessageKeys":[]},{"senderKeyId":2076059771,"senderChainKey":{"iteration":98,"seed":"fQc7MeiTbpO64p1vZlhshXM36HAv3eEa+8aseZYaiis="},"senderSigningKey":{"public":"BePKa3yWbuZIqNgrsg2TEf6E32UiazKi4ZDT1yPMNTtY"},"senderMessageKeys":[]}]