[{"senderKeyId":396725806,"senderChainKey":{"iteration":13,"seed":"5SqnIcu3jgLUVH011V+7wS56u7rcJnAZGfsD5xoEvHY="},"senderSigningKey":{"public":"Be67VB0N7ciGlE3FwGUYEAzVZa9xpGflhIZlWJ1UGn8U"},"senderMessageKeys":[{"iteration":1,"seed":"UCpkTVTniBosdkzI20bYvtkzGDuJWE1G2sdV71ieMK4="},{"iteration":3,"seed":"pVUCDmuSeCUHeBXeD5BtscKM5aTMLzA/ZUkdR/y6ces="},{},{},{},{}]},{"senderKeyId":396725806,"senderChainKey":{"iteration":3,"seed":"Hof0g6sps6yEHCXFdlvTJu9S8Glg3fMWNBqaGBdc9Cc="},"senderSigningKey":{"public":"Be67VB0N7ciGlE3FwGUYEAzVZa9xpGflhIZlWJ1UGn8U"},"senderMessageKeys":[]}]