[{"senderKeyId":1207757272,"senderChainKey":{"iteration":2,"seed":"3AJGZQwOYaSWNeFpiv1f6Fft0dXeKdFyQVhyjWFPTyQ="},"senderSigningKey":{"public":"BUO0KRARShISBCee3JkgB3QRR2ldEoHMcv0ub3sh8rFp"},"senderMessageKeys":[]},{"senderKeyId":1207757272,"senderChainKey":{"iteration":1,"seed":"Yn6e9/uwz53XyLROGC/YmcomcA88DTIQW1mDgAUm3zE="},"senderSigningKey":{"public":"BUO0KRARShISBCee3JkgB3QRR2ldEoHMcv0ub3sh8rFp"},"senderMessageKeys":[]},{"senderKeyId":140966401,"senderChainKey":{"iteration":2,"seed":"lrQHu//pXNCk6fk0VFXYa/IGSwg3+eIJuzSz4jnViqc="},"senderSigningKey":{"public":"BUb8Xzwa5KVzLKnaKNJzRt5utumDDOHu2j/Y0bqaSxIX"}}]