[{"senderKeyId":858956572,"senderChainKey":{"iteration":108,"seed":"vn2aNkbQLWlsIVYhDOaBQ+Ev09sQcu1UsFIPF+4SrBY="},"senderSigningKey":{"public":"BdsNFvNBCEweZAgsVKdpmeXAIbz36ZbCwkdXFjlZvIYX"},"senderMessageKeys":[]},{"senderKeyId":858956572,"senderChainKey":{"iteration":33,"seed":"9NC6Bjx/mc17OcBJHSYgS57CaLeR3df4ELolPO3HT2U="},"senderSigningKey":{"public":"BdsNFvNBCEweZAgsVKdpmeXAIbz36ZbCwkdXFjlZvIYX"},"senderMessageKeys":[]},{"senderKeyId":858956572,"senderChainKey":{"iteration":36,"seed":"JImyvly7iXa/93KOgn5rc+8gPAO8Z296Htav/FphJZs="},"senderSigningKey":{"public":"BdsNFvNBCEweZAgsVKdpmeXAIbz36ZbCwkdXFjlZvIYX"},"senderMessageKeys":[]}]