[{"senderKeyId":1685572274,"senderChainKey":{"iteration":3,"seed":"6JdYaiETCyfPGpcgrbs6uFeTK0q6LJFP0ANncdEyz7w="},"senderSigningKey":{"public":"BfgLjS/mkCscsPFAA7JLH04za5nt158DXmcBTmWApcJC"},"senderMessageKeys":[]},{"senderKeyId":1685572274,"senderChainKey":{"iteration":2,"seed":"ej9PAuRGMVjT/+eEkLPl8dEkUA/WKcybPJstCHz0HWU="},"senderSigningKey":{"public":"BfgLjS/mkCscsPFAA7JLH04za5nt158DXmcBTmWApcJC"},"senderMessageKeys":[]},{"senderKeyId":301716747,"senderChainKey":{"iteration":2,"seed":"rR+2eb6C3UWapveiJGb7PpARgKniImcdx5NQI049inc="},"senderSigningKey":{"public":"BfYPynrWASjBUDxcGxUVQP99yZG0G8CjqgJdOO9Nah5X"},"senderMessageKeys":[]},{"senderKeyId":301716747,"senderChainKey":{"iteration":1,"seed":"ivvxeMMPGhR++9XMbjyJFF1uFkWSq2igA8F19JgyvIQ="},"senderSigningKey":{"public":"BfYPynrWASjBUDxcGxUVQP99yZG0G8CjqgJdOO9Nah5X"}}]