[{"senderKeyId":342563706,"senderChainKey":{"iteration":92,"seed":"HePgd+13z59JZBZEs7Ykp5fFSrCN5aRemsSqPwBMVss="},"senderSigningKey":{"public":"BXI+S8lwUcQSe8C8BWJkz6+j3cC+Vf9AfQhXxeEIcrM/"},"senderMessageKeys":[]},{"senderKeyId":1497407426,"senderChainKey":{"iteration":506,"seed":"kZnoklk7bS+bE72CoXJUawz0u50HieamI9Na5J73OaM="},"senderSigningKey":{"public":"BUIwMvdIjX3CJ+UabEXgHDYCSGU45+Gkpe3YmtjKxgZw"},"senderMessageKeys":[{},{}]},{"senderKeyId":1497407426,"senderChainKey":{"iteration":316,"seed":"Jvd9tNK+WzMQ8+rHJzzIyi+o3vHAnzNJC+vH4jAa1dc="},"senderSigningKey":{"public":"BUIwMvdIjX3CJ+UabEXgHDYCSGU45+Gkpe3YmtjKxgZw"},"senderMessageKeys":[]}]