[{"senderKeyId":1920427495,"senderChainKey":{"iteration":66,"seed":"AqbMjCRkhpF0QwIhF/yg+/q0poenJXPbg4JEnAjKvsE="},"senderSigningKey":{"public":"BRyNxb6nbLk8u/gH3BHRDAUbOqKc7N3kcw1MOsGtcKl8"},"senderMessageKeys":[{}]},{"senderKeyId":1920427495,"senderChainKey":{"iteration":30,"seed":"i5V2I59i++luGpnP2on5E3J1McFWRLRtqjZFe/x0dJ0="},"senderSigningKey":{"public":"BRyNxb6nbLk8u/gH3BHRDAUbOqKc7N3kcw1MOsGtcKl8"},"senderMessageKeys":[]},{"senderKeyId":1920427495,"senderChainKey":{"iteration":38,"seed":"UulceJkKIMUUXfz56Zx74c20Jd97UjMfBl7lmXdfUmQ="},"senderSigningKey":{"public":"BRyNxb6nbLk8u/gH3BHRDAUbOqKc7N3kcw1MOsGtcKl8"},"senderMessageKeys":[]}]