[{"senderKeyId":927654768,"senderChainKey":{"iteration":306,"seed":"aVFeg/jQy7huCG4FjOTXvtXoK8XebF8kTSuHJfUMd1c="},"senderSigningKey":{"public":"BZwnteVxV7DstNtCdrNrkjyibahdUbBXF+/u/OtB/zx+"},"senderMessageKeys":[]},{"senderKeyId":927654768,"senderChainKey":{"iteration":26,"seed":"KIl2SampTBN7EsuviYKaMqx8n479Z7fLSVnq6ZHlnIw="},"senderSigningKey":{"public":"BZwnteVxV7DstNtCdrNrkjyibahdUbBXF+/u/OtB/zx+"},"senderMessageKeys":[]},{"senderKeyId":927654768,"senderChainKey":{"iteration":137,"seed":"2I54KTpOGL3A1+bTA385pRofrgOUQk1QGw6ilqzX0P0="},"senderSigningKey":{"public":"BZwnteVxV7DstNtCdrNrkjyibahdUbBXF+/u/OtB/zx+"},"senderMessageKeys":[]}]