[{"senderKeyId":323782820,"senderChainKey":{"iteration":219,"seed":"8mKXvEJmUetgXI5i9F8rXO6sDrFlR8o3auS64tIRKDs="},"senderSigningKey":{"public":"BXO/ShYBdu4NKVeN2Ty0x+rhT0TsD3xReARqJsy+BdoF","private":"2DBfTxfy0XRA8wJuSdKvVbnapDy1uSyXKslAyhp51mY="},"senderMessageKeys":[{},{},{},{},{},{},{},{},{},{},{},{},{},{},{},{},{},{},{},{},{},{},{},{},{},{},{},{},{},{},{},{},{},{},{},{},{},{},{},{},{},{},{},{},{},{},{},{},{},{},{},{},{},{},{},{},{},{},{},{},{},{},{},{},{},{},{},{},{},{},{},{},{},{},{},{},{},{},{},{},{},{},{},{},{},{},{},{},{},{},{},{},{},{},{},{},{},{},{},{},{},{},{},{},{},{},{},{},{}]}]