[{"senderKeyId":40297056,"senderChainKey":{"iteration":12,"seed":"YLHToUP49v5GyayyzIXYFuMoHvl3uu9CRVbIJ7rCruI="},"senderSigningKey":{"public":"BZRhX94iXWMzjoEl+D2tN31zwd5fw3c6vQAfurX5+0oW"},"senderMessageKeys":[]},{"senderKeyId":40297056,"senderChainKey":{"iteration":3,"seed":"dj32dwoLqSk38n5EmdjoI8VpG4T/1Ky1jrCnoVpDFF4="},"senderSigningKey":{"public":"BZRhX94iXWMzjoEl+D2tN31zwd5fw3c6vQAfurX5+0oW"},"senderMessageKeys":[]},{"senderKeyId":40297056,"senderChainKey":{"iteration":4,"seed":"LUaHFgJEN5/xBesNgDu545oXrp2b2FJIxcLs4V8wTgc="},"senderSigningKey":{"public":"BZRhX94iXWMzjoEl+D2tN31zwd5fw3c6vQAfurX5+0oW"},"senderMessageKeys":[]}]