[{"senderKeyId":354859324,"senderChainKey":{"iteration":104,"seed":"GW3ozmNavfo28mwnedSwg1siNFeC6vyo4EMpLBPOUNA="},"senderSigningKey":{"public":"BZrGOzC2ohVHwrpjrGIf4PH0xNMH1JA9HGhColffxqE9"},"senderMessageKeys":[]},{"senderKeyId":327864989,"senderChainKey":{"iteration":237,"seed":"W5dfASlZxjTqUZtwzKan7ujQMOw2ePKDzJeMKX9AmNk="},"senderSigningKey":{"public":"BTV+06FNQPNti5kZY1xxaQkJT4cXSLEKC7ppthQvHFZJ"},"senderMessageKeys":[{},{},{},{}]},{"senderKeyId":327864989,"senderChainKey":{"iteration":80,"seed":"wBaLckVNPeYNgOHqrktJSJRscfcoWLEBU6fyCP2u0LQ="},"senderSigningKey":{"public":"BTV+06FNQPNti5kZY1xxaQkJT4cXSLEKC7ppthQvHFZJ"},"senderMessageKeys":[]}]