[{"senderKeyId":1395490700,"senderChainKey":{"iteration":7,"seed":"esgBIT3grchjPQykdnS4S2PmGbYul9KYAd4SUjHXKiA="},"senderSigningKey":{"public":"BWsP8V83R9RLtvBsmgQghbuIKTk1siKTdr/D9nMDO1MZ"},"senderMessageKeys":[]},{"senderKeyId":1395490700,"senderChainKey":{"iteration":14,"seed":"MZ8ah21/vF16kaVFAfbsfd9Veyrqh9uGeTTCobitA5w="},"senderSigningKey":{"public":"BWsP8V83R9RLtvBsmgQghbuIKTk1siKTdr/D9nMDO1MZ"},"senderMessageKeys":[]},{"senderKeyId":1800218458,"senderChainKey":{"iteration":4,"seed":"XFr3VQPVyQff1NbNFluvYHnN4hdh+6X80++JcPlPnOs="},"senderSigningKey":{"public":"BTgnb3mV3uSt5fPo0KBvgeg9QAmOrNuASkI8m7MG/eA+"},"senderMessageKeys":[]},{"senderKeyId":1800218458,"senderChainKey":{"iteration":1,"seed":"tFWHZLj1iOX/3aKlOqfmN1ks0sfrvyCs6z+yAFwQNr0="},"senderSigningKey":{"public":"BTgnb3mV3uSt5fPo0KBvgeg9QAmOrNuASkI8m7MG/eA+"},"senderMessageKeys":[]},{"senderKeyId":2024151033,"senderChainKey":{"iteration":1,"seed":"ikZKVqQDC+4aTUpTxz6QB2uxWlfvc4JrH7b6N17Na2s="},"senderSigningKey":{"public":"BW9cVRbN/0ZyK2qexliKAoq0VC1V0tdSoG9k9yZfRfRZ"}}]