[{"senderKeyId":424185779,"senderChainKey":{"iteration":23,"seed":"ZUOcmEzeixzfIXwmMyTM0o7JAH7vRlZxGUbCi9QOnKk="},"senderSigningKey":{"public":"BSSbp/Y8wz9z8XOI+UkEKZJR5lIwgBohk7cWvl65PTc4"},"senderMessageKeys":[]},{"senderKeyId":104895777,"senderChainKey":{"iteration":34,"seed":"YJCUdLgd4MVxOgoEdFc1F4ynNE+pHp2ez/auuLk6H88="},"senderSigningKey":{"public":"Ba7imS/FdqNFFB49QXKPxk05ASo6xWocKEaW14uVRq8B"},"senderMessageKeys":[{}]},{"senderKeyId":104895777,"senderChainKey":{"iteration":17,"seed":"XUkHd0pjQ03ad9EV+WI/OOw3T5oY7L6wC/rs+oFBzmE="},"senderSigningKey":{"public":"Ba7imS/FdqNFFB49QXKPxk05ASo6xWocKEaW14uVRq8B"},"senderMessageKeys":[]}]