[{"senderKeyId":1120616444,"senderChainKey":{"iteration":212,"seed":"CBQehmZdHwLaaNo8GfiDKezEtMtaUhaT+fPjZVQqpPQ="},"senderSigningKey":{"public":"BRiL5W9a2cYk5UHuN9UGWLAHVSdnTiNQ284V/43WwFN+"},"senderMessageKeys":[]},{"senderKeyId":1688479799,"senderChainKey":{"iteration":2,"seed":"+/ze3mOYh0HD4R6MiAxjpay6hUdGWbFsfdodbPXlZEw="},"senderSigningKey":{"public":"BQPnPF+5o92l6rrfePNHneZpQ1AZQt1U5yu+KKMtYDQP"},"senderMessageKeys":[]},{"senderKeyId":1547302316,"senderChainKey":{"iteration":7,"seed":"UJ6x7JOQNi1lTGunc8GypAkJe0jva4BucEVXIT+GJP4="},"senderSigningKey":{"public":"BRToTEM0ORtTMYHtDsbr/H61wpoBQ4IorV9rdnUzDScr"},"senderMessageKeys":[{}]}]