[{"senderKeyId":1392123626,"senderChainKey":{"iteration":1,"seed":"/c5T+c/ZifPRJNk2svLnPOmg4hsV42hu+LE8irXeRWk="},"senderSigningKey":{"public":"BcFWnpDo49KSIOUnP8X1/VwYF0yRAZSSCTpwt118l+RA"},"senderMessageKeys":[]},{"senderKeyId":1845812326,"senderChainKey":{"iteration":4,"seed":"8CnxS7UvyuZCbXH6mx6zUK1zcer9VFJVJouZFHftck4="},"senderSigningKey":{"public":"BaLDjSB+fclB9ncqjuaMijLQEqRSz1ErfGT7gC0l85EY"},"senderMessageKeys":[]},{"senderKeyId":1407334471,"senderChainKey":{"iteration":1,"seed":"3Ko0ojkyP0ka0O/l5nt27K5CBm8HznvaAKWFfnamH18="},"senderSigningKey":{"public":"BSw+RsL33RTQCYiwSgcrE8tbZDQRTbk+i1XypcGkfY4V"},"senderMessageKeys":[]},{"senderKeyId":591676119,"senderChainKey":{"iteration":1,"seed":"O6qUGV9O3W1Tizc8tyXn4KELQCOLQZuc0jAiSi6RFvs="},"senderSigningKey":{"public":"BaXiSkBi+4FCdKJItaM5Kg6rETWfxK/U0ytG0DOd3vka"},"senderMessageKeys":[]},{"senderKeyId":1596764921,"senderChainKey":{"iteration":1,"seed":"p0YJjM643iKnqxDeMfCIhV/jv/tMwwegDc13dkyvZGU="},"senderSigningKey":{"public":"BUQUzOs2aUbUXd7Tk7Dor+3Y5UF8wpb5Re69WC+Po9AY"}}]