[{"senderKeyId":1838423181,"senderChainKey":{"iteration":111,"seed":"gtjOTcgHABPYKnS+bPepI4QpmtzUo1CGf8Y0Kz/kqx8="},"senderSigningKey":{"public":"BRe9kZzFsU6kHok6ImMkp2vsehuth/yjBPRO+TVDKK9j"},"senderMessageKeys":[]},{"senderKeyId":1838423181,"senderChainKey":{"iteration":108,"seed":"JFVlgvqBKt4KJB9L2WAQZU45hC0pA78HNEVD4Jn0iuA="},"senderSigningKey":{"public":"BRe9kZzFsU6kHok6ImMkp2vsehuth/yjBPRO+TVDKK9j"},"senderMessageKeys":[]},{"senderKeyId":829038515,"senderChainKey":{"iteration":5,"seed":"844+pgqdrHuJRRijcux9bvEMg7su7nglKBBzWsQKyEM="},"senderSigningKey":{"public":"BSoqzmOSTYfKKQuKlsoy1dGODB8mlOjgJq+ZyMRsL/lL"},"senderMessageKeys":[]},{"senderKeyId":829038515,"senderChainKey":{"iteration":1,"seed":"4e4IrjCCSseKPVR5yqUuZTmrGFNJDMNLxlCP1i0sS1s="},"senderSigningKey":{"public":"BSoqzmOSTYfKKQuKlsoy1dGODB8mlOjgJq+ZyMRsL/lL"},"senderMessageKeys":[]}]