[{"senderKeyId":448862302,"senderChainKey":{"iteration":17,"seed":"asMFLN1JM/M7Kl5IGw1E/bj8pY4pSl9nO/MSXaoc0SE="},"senderSigningKey":{"public":"BUiZu3tXbyrx77dHPdGVDgRjuwcfBer6Tsm6Hm3SD1ZV"},"senderMessageKeys":[{}]},{"senderKeyId":448862302,"senderChainKey":{"iteration":4,"seed":"dEWZaB/L4Mq9FjGusoJfpJn+JFKjeRLktAR5nbVW7fE="},"senderSigningKey":{"public":"BUiZu3tXbyrx77dHPdGVDgRjuwcfBer6Tsm6Hm3SD1ZV"},"senderMessageKeys":[]},{"senderKeyId":448862302,"senderChainKey":{"iteration":5,"seed":"NyrmGYTgrwEGv/Qxda2mvP9fTV4zSeEkMDVSjjjQKl4="},"senderSigningKey":{"public":"BUiZu3tXbyrx77dHPdGVDgRjuwcfBer6Tsm6Hm3SD1ZV"},"senderMessageKeys":[]},{"senderKeyId":381278667,"senderChainKey":{"iteration":8,"seed":"LErGP4S9lKsooeVuKB1T5CXXPum7A5pSXhht90QAuGs="},"senderSigningKey":{"public":"BYdqFxlQF4MVSNn2A2pBTJM2zIIOwAHvAGyzjEuWOrMR"},"senderMessageKeys":[]}]