[{"senderKeyId":152487804,"senderChainKey":{"iteration":4,"seed":"3cKOo8kSKOQhSXuMjcjFQnYAq0eAM8phxo+3tczCwZg="},"senderSigningKey":{"public":"BdRNkW7O2DcOLTR4vH1XhMSwvTlMVv4kxvyUOOoBkL5C"},"senderMessageKeys":[]},{"senderKeyId":152487804,"senderChainKey":{"iteration":2,"seed":"ADfVyw9TfICLs51QgfbQQ1jalH0iRvjqJ5AFWsqdkGE="},"senderSigningKey":{"public":"BdRNkW7O2DcOLTR4vH1XhMSwvTlMVv4kxvyUOOoBkL5C"},"senderMessageKeys":[]},{"senderKeyId":152487804,"senderChainKey":{"iteration":3,"seed":"ldcwrW1S8kJqKvYHcJat9qgCXcZ/KlLmyxC7hyVtHLM="},"senderSigningKey":{"public":"BdRNkW7O2DcOLTR4vH1XhMSwvTlMVv4kxvyUOOoBkL5C"}}]