[{"senderKeyId":263186556,"senderChainKey":{"iteration":8,"seed":"J2bMUDGu8qDQto+zEohm+AlrtaFbyI+W3CUaN9zgbL0="},"senderSigningKey":{"public":"BfvpTBfjF4+has7DS/1vKot0YHQukYwsIqFkgO38Hu5O"},"senderMessageKeys":[]},{"senderKeyId":263186556,"senderChainKey":{"iteration":7,"seed":"a6smbfB73WYwGGtABLLHaGp8ZFgoe4VMzjPKxavgWJg="},"senderSigningKey":{"public":"BfvpTBfjF4+has7DS/1vKot0YHQukYwsIqFkgO38Hu5O"},"senderMessageKeys":[]},{"senderKeyId":2054640631,"senderChainKey":{"iteration":1,"seed":"lT2BUOmjI76KHrV+FIORT0CrwB5UbQisSCxieZdkn6Y="},"senderSigningKey":{"public":"BVwIElvQRS7mXu7IXjW7Q8wD2/KYPmURDRUk0CaKRxsH"},"senderMessageKeys":[]},{"senderKeyId":2039629447,"senderChainKey":{"iteration":1,"seed":"IDAXzxqvHl/1SolHiqv88XHZav1BZPcpA0byezRSzSY="},"senderSigningKey":{"public":"BW0M+EAvtGW/pQsoZg33QbDsd8L1a+cwcu5IgZokiNAn"},"senderMessageKeys":[]},{"senderKeyId":1928764529,"senderChainKey":{"iteration":1,"seed":"Oz/K28xikfn8WwX2Gtl6oA0c8WGQkoLDB0RrYutUM/w="},"senderSigningKey":{"public":"BZ3V6ZnJqdLYBUkraoRbSO10xGoFKB74CJjYx5GYyyNc"}}]