[{"senderKeyId":1696527265,"senderChainKey":{"iteration":2,"seed":"satYuGmRbQtQJhggdkBGp83orFedQpjoAficcyDmh7k="},"senderSigningKey":{"public":"BYN3T7vW54qQRixU33UigiUw+jX20GVjMs0/kY2YC9l8"},"senderMessageKeys":[]},{"senderKeyId":295339995,"senderChainKey":{"iteration":12,"seed":"zlKPEqsIDfYV8RA86cPYWKQsNZGwuzuYiV032OyqHoc="},"senderSigningKey":{"public":"BW80CgsLMrJIpHCCZOc0rjKFKEMGNs88UQLEUfQFbsQc"},"senderMessageKeys":[]},{"senderKeyId":1847669537,"senderChainKey":{"iteration":11,"seed":"bNT1q3dsHaaIxL/ps91BtKicTkxq17Xa8L4EWm4dBn8="},"senderSigningKey":{"public":"Bf1Xgy6E7jn+JXYAdJII+t/eUbYv+zfqTBKIIU288QYJ"},"senderMessageKeys":[]},{"senderKeyId":124212467,"senderChainKey":{"iteration":26,"seed":"/7lOsFvvEnYaAPRD9W5xWgKrwdtFaEnY8dcIpHupf+8="},"senderSigningKey":{"public":"BSR+sLN7pqmsZa0hAaFSvROSP/OJW0+Fn2ZkAirjZTw8"},"senderMessageKeys":[]},{"senderKeyId":320961272,"senderChainKey":{"iteration":7,"seed":"L0EpCUe5Cly8uhnrFLTptSanQZD9gI/haSMhM9gNc+4="},"senderSigningKey":{"public":"BdPOYWfc6F1fkGr65TXIscZTpLXVXmAJo2Xc2s7MgQ5C"},"senderMessageKeys":[]}]