[{"senderKeyId":756322183,"senderChainKey":{"iteration":45,"seed":"Dq+CDwMF/PJvF8n7OoKnsB2i1x3KeqgWPvOczzn0rhU="},"senderSigningKey":{"public":"Bb9hBh8ysTHhXKIUaLuSEB5je+TlPQAngGAJsFbcbhki"},"senderMessageKeys":[]},{"senderKeyId":756322183,"senderChainKey":{"iteration":13,"seed":"vgLIoRu9iNzMYSbrJVuj43fvmrRxyGp4HIvZ2aRG5fg="},"senderSigningKey":{"public":"Bb9hBh8ysTHhXKIUaLuSEB5je+TlPQAngGAJsFbcbhki"},"senderMessageKeys":[]},{"senderKeyId":335636669,"senderChainKey":{"iteration":6,"seed":"ncYAtfy8PgEunUkldI6u497JQBUOLpbhW8y9VhpLY24="},"senderSigningKey":{"public":"Ba4JPi2KLNEq5pkDTXHvILqgB9ma6jYoCZ1DpBeIxXA4"},"senderMessageKeys":[]},{"senderKeyId":1207125434,"senderChainKey":{"iteration":21,"seed":"pHLi2tAfTnr/FCsXZqoP8XCEzTv1+NEoEen6AVtBYzc="},"senderSigningKey":{"public":"BfsKfH5SR1iCvbaqnSvAVc+2rOSWm+BtchbOBkrZBmYO"},"senderMessageKeys":[]},{"senderKeyId":1207125434,"senderChainKey":{"iteration":2,"seed":"OrRP219YGgqDSDYe3STPV6ZiXUyhrpcPj2Qs2Ac5GEY="},"senderSigningKey":{"public":"BfsKfH5SR1iCvbaqnSvAVc+2rOSWm+BtchbOBkrZBmYO"},"senderMessageKeys":[]}]