{"_sessions":{"BZiUdK00JprprD9c6ZkgK5mgmtNZe6JPJTVNrfUdp8lT":{"registrationId":761727207,"currentRatchet":{"ephemeralKeyPair":{"pubKey":"BSg4s65Qc5pclND6DNmMw3EpF4DkJR6zM5BvVkAVWMpf","privKey":"aJF2BapBt46fe+2qvC0hSHkTtP7Z63mYjhyLu5KOAEk="},"lastRemoteEphemeralKey":"BexKiLZDcDJY6rE1esj8blVXg8g7VzoGRajtNX9lDIIt","previousCounter":0,"rootKey":"cthWNIfzZUlt/Mwep+GgPB3MIW7h9EJ6oNCdEZkduHo="},"indexInfo":{"baseKey":"BZiUdK00JprprD9c6ZkgK5mgmtNZe6JPJTVNrfUdp8lT","baseKeyType":2,"closed":-1,"used":1719588714933,"created":1719404150009,"remoteIdentityKey":"BTdgLhg7Mu6QKsFKyBj6qFRK6vxheScvTn3gCM55me5X"},"_chains":{"BTG2AuCuNZwHExlF4wnSYrDLm/lm9OVPUxkuaUptMrhQ":{"chainKey":{"counter":0},"chainType":2,"messageKeys":{}},"BexKiLZDcDJY6rE1esj8blVXg8g7VzoGRajtNX9lDIIt":{"chainKey":{"counter":0,"key":"/WEVGHNYVnGWlp1HwnXIaSOoD8zXiRkWPlORW3/yg58="},"chainType":2,"messageKeys":{}},"BSg4s65Qc5pclND6DNmMw3EpF4DkJR6zM5BvVkAVWMpf":{"chainKey":{"counter":-1,"key":"9A9BqoqVei0ndgT31e8ICUv6tOuavvOpFcfnch7H6YI="},"chainType":1,"messageKeys":{}}}}},"version":"v1"}