{"_sessions":{"BezLA3IBpYb0Euf8gk3olxH0aosVfZ2/0ey5abERpbpr":{"registrationId":1730252171,"currentRatchet":{"ephemeralKeyPair":{"pubKey":"BcgWICo37Aybz6GGOXVaTBzSGh1jdtSFJo5t57yni9Ja","privKey":"sL1c7B6miw80ZLy7gc2r2nN/AINRaRbKEuM5pVS8THg="},"lastRemoteEphemeralKey":"BQDJhaXqE3kFL5koEsTskMWLx/u3R0ru0gnCSq4D7X1t","previousCounter":0,"rootKey":"tb5HDUtAgaRjiFrc3plRi1/75F3C0zbESrhN2lrf014="},"indexInfo":{"baseKey":"BezLA3IBpYb0Euf8gk3olxH0aosVfZ2/0ey5abERpbpr","baseKeyType":1,"closed":-1,"used":1719027908410,"created":1719027908410,"remoteIdentityKey":"Bd6O3GvA4lIh9M6OCCQ0Gk28a2wdmK6TfUIBth2aVLk/"},"_chains":{"BcgWICo37Aybz6GGOXVaTBzSGh1jdtSFJo5t57yni9Ja":{"chainKey":{"counter":0,"key":"McOpYPimuT5yD7pVoq56bHkkBqNdME01Ano/2I+3lw0="},"chainType":1,"messageKeys":{}}},"pendingPreKey":{"signedKeyId":28,"baseKey":"BezLA3IBpYb0Euf8gk3olxH0aosVfZ2/0ey5abERpbpr","preKeyId":2436324}}},"version":"v1"}